id,post_from_id,post_from,post_updated_time,post_created_time,post_link,post_message,post_name,post_type,post_likes,post_shares,post_comments,post_reactions
1,126709274050415,爆笑影片集中營,2017-10-16 14:00:01,2017-10-16 14:00:00,http://www.cocohk.net/post/628157?r=z155423,根據推特帳號Osami47上傳的照片，對很多人來說搞笑好像是狗狗的專利，狗狗的個性比較單純，常常都是直線思考的牠們，在日常生活中都會做出許多爆笑的糗事，讓主人笑的不要不要的！比起汪汪，喵皇好像比較不愛搞笑，很多貓咪比較孤僻冷漠，也表現的非常高貴，感覺搞笑這種丟臉的事情牠們是根本不會做的！如果你現在還這樣想，看到以下這隻爆笑的可愛貓咪，應該會對貓咪改觀喔！,衣服折一半喵皇不見了，發現牠被卡住了後，仔細一看牠的表情...網友全笑炸啦！,link,0,0,0,0
2,118800594980610,女人要更愛自己,2017-10-13 07:40:01,2017-10-13 07:40:01,https://ipetgroup.com/Article/8300,"主人表示好無奈,小編覺得好羨慕XD 
#眾多萌寵齊聚一堂 
#狗狗貓貓雞雞兔兔看到飽 
加入Line接收每日精選的動物訊息：
➤https://goo.gl/1vwmvd",「你們一定要都擠在我身上嗎？！」這幾組毛孩「神複製」的超萌照片，真的讓人看了完全融化！,link,0,0,0,0
3,126709274050415,爆笑影片集中營,2017-10-11 10:00:00,2017-10-11 10:00:00,http://www.cocomy.net/post/622518?r=z155423,大部分的毛孩都超貪吃，但有沒有看過貪吃不成還會擺臭臉的貓咪？根據instagram/sina_heek分享：一大清早，幫貓咪準備了早餐，但牠臉卻像大便那麼臭，沒想到原因真的超可愛超爆笑的！奴才真的很過份耶～～～,早餐時間喵皇不知道為什麼臉超臭，沒想到往奴才那邊一看....真的笑到噴淚！（圖+影片）,link,0,0,0,0
4,704654116310577,黃淑如,2017-10-07 00:07:10,2017-10-07 00:07:10,https://www.facebook.com/photo.php?fbid=1335034833272499&set=p.1335034833272499&type=3,"貓咪送養(臺中)
我的媽咪是流浪貓在半個月前被狗狗咬傷，不幸過世，留下年幼的我們流浪在外，希望有緣人給牠一個家~
Ps:因本人家中有5隻狗，一隻貓，沒有能力在養牠，希望大家幫幫忙，謝謝~",,photo,0,0,0,0
5,199677588442,大新聞,2017-10-03 13:00:12,2017-10-03 13:00:12,https://www.facebook.com/match.tw/videos/1438918136163438/,"這隻貓咪被送到寵物醫院時，害醫生笑到差點送醫，一看就不是什麼正經貓！～

? 全省大齡優質男女交友結婚保證方案!請由以下連結網址留下資料，全台的紅娘會為您服務。留下資料，才有機會遇見你的另一半。https://goo.gl/8vxFq6",單身關愛社 (未婚 交友 婚友 聯誼),video,0,0,0,0
6,572591939549589,Smartpet 購,2017-10-03 19:30:00,2017-10-03 19:30:00,https://www.facebook.com/SmartpetGo/photos/a.579678618840921.1073741828.572591939549589/994260080716104/?type=3,"5個跡象表明貓咪壓力過大

和人類一樣貓咪也會受到焦慮和恐懼的影響而壓力過大，但是貓咪通常會選擇把自己的壓力隱藏起來不讓別人發現。更為嚴重的是，如果貓咪長期受慢性壓力的影響會抑制貓咪自身的免疫反應，從而出現各種身體疾病。 

今天來為大家介紹下貓咪壓力過大的5個跡象，幫助確認貓咪是否壓力過大並早日為貓咪尋求必要的治療。

一、在貓砂盒外大小便        

很多主人看到貓咪突然不在貓砂盒裡面大小便的第一反應是罵貓咪，但是，這可能是貓咪在用另一種方​​式告訴你一些事情。貓咪可能是想告訴親們它因為新擺放的家具、貓砂盒附近噪音太大、貓砂盒不乾淨或其他因素而感到壓力很大或恐懼。

當然，也有可能是因為貓咪身體出現了潛在的健康問題引起不當排尿，如果是這種情況的話建議馬上送寵物醫院或諮詢寵物醫生他們會幫助解決問題並提供適當的建議。

二、突然食慾不振        

貓咪不會像我們人類一樣為了某種目的（比如減肥）而去禁食或節食，如果主人們的貓咪突然對食物失去了興趣或者乾脆不再吃東西了，那麼這很有可能就是貓咪壓力過大或是潛在的身體健康問題引起的。

三、自我孤立起來（或躲藏起來）        

貓咪經常會被貼上冷漠的動物、高冷、高傲、不合群、不和其他寵物或人類互動等標籤，但對於大多數的貓咪來說事實並非如此。事實上，貓咪出現持續的孤立行為（或躲藏行為）是貓咪正在遭受壓力和痛苦的共同標誌。如過主人們的貓咪突然這樣了建議帶去寵物醫生那裡檢查下出現這種怪異行為背後的真正原因。

四、一直舔身體的某個地方        

貓咪的梳洗打扮和一直舔身體的某個地方是有區別的。後者表明貓咪身體的某一地方出現了問題，這使它很痛苦。如果有這種情況出現最好也是馬上帶去寵物醫生那裡作做下檢查。

五、突然對人和其他動物變的有攻擊性        

突然對人和其他動物變的有攻擊性也是貓咪壓力太大或身體出現毛病的表現。建議主人們在貓咪身體進一步惡化前諮詢下寵物醫生或帶貓咪去做下身體檢查。

如何幫助貓咪緩解壓力
         
以下是一些可以幫助貓咪緩解壓力的小提醒：

經常和貓咪一起玩耍或鍛鍊
比如玩「追逐玩具老鼠」或「捕捉逗貓棒的羽毛」這樣的體育活動，對於貓咪來說是一種很好的減壓方式。

為貓咪創造一片安全區
在家中為貓咪留出一個安全的區域或秘密的藏身地，讓貓咪在碰到高壓力事件的時候可以躲起來。比如舉辦家庭聚會的時候或出現其他會嚇到貓咪的事情的時候貓咪可以安心的躲起來。

為貓咪選擇高質量的貓糧 
貓咪的飲食是它健康和幸福的重要組成部分。如果貓咪各個階段的飲食和生活方式沒有適當的平衡，那麼它可能會出現一些無法預料的後果，從而導致貓咪焦慮和壓力。

來粉絲團按讚點關注 活動好文通通不錯過　
更多百科趣聞都有收錄在Smartpet喔!
還等什麼！
快來下載免費【Smartpet】APP: https://goo.gl/tPaQ9t
好物盡在 【Smartpet 購】https://goo.gl/GdHJyk",Smartpet 購貼文的照片,photo,0,1,0,0
7,108853872503211,單身關愛社 (未婚 交友 婚友 聯誼),2017-10-03 13:00:11,2017-10-03 13:00:11,https://www.facebook.com/match.tw/videos/1438918136163438/,"這隻貓咪被送到寵物醫院時，害醫生笑到差點送醫，一看就不是什麼正經貓！～

? 全省大齡優質男女交友結婚保證方案!請由以下連結網址留下資料，全台的紅娘會為您服務。留下資料，才有機會遇見你的另一半。https://goo.gl/8vxFq6",單身關愛社 (未婚 交友 婚友 聯誼),video,0,0,0,0
8,474104872603374,行動生活 APP,2017-10-03 13:00:10,2017-10-03 13:00:10,https://www.facebook.com/match.tw/videos/1438918136163438/,"這隻貓咪被送到寵物醫院時，害醫生笑到差點送醫，一看就不是什麼正經貓！～

? 全省大齡優質男女交友結婚保證方案!請由以下連結網址留下資料，全台的紅娘會為您服務。留下資料，才有機會遇見你的另一半。https://goo.gl/8vxFq6",單身關愛社 (未婚 交友 婚友 聯誼),video,0,0,0,1
9,474262575921330,超便宜特賣會,2017-10-03 13:00:12,2017-10-03 13:00:12,https://www.facebook.com/match.tw/videos/1438918136163438/,"這隻貓咪被送到寵物醫院時，害醫生笑到差點送醫，一看就不是什麼正經貓！～

? 全省大齡優質男女交友結婚保證方案!請由以下連結網址留下資料，全台的紅娘會為您服務。留下資料，才有機會遇見你的另一半。https://goo.gl/8vxFq6",單身關愛社 (未婚 交友 婚友 聯誼),video,0,0,0,0
10,148495815169294,全台夜市通,2017-10-03 13:00:11,2017-10-03 13:00:11,https://www.facebook.com/match.tw/videos/1438918136163438/,"這隻貓咪被送到寵物醫院時，害醫生笑到差點送醫，一看就不是什麼正經貓！～

? 全省大齡優質男女交友結婚保證方案!請由以下連結網址留下資料，全台的紅娘會為您服務。留下資料，才有機會遇見你的另一半。https://goo.gl/8vxFq6",單身關愛社 (未婚 交友 婚友 聯誼),video,0,0,0,1
11,180571124596,時尚美容女人話題,2017-10-03 13:00:12,2017-10-03 13:00:12,https://www.facebook.com/match.tw/videos/1438918136163438/,"這隻貓咪被送到寵物醫院時，害醫生笑到差點送醫，一看就不是什麼正經貓！～

? 全省大齡優質男女交友結婚保證方案!請由以下連結網址留下資料，全台的紅娘會為您服務。留下資料，才有機會遇見你的另一半。https://goo.gl/8vxFq6",單身關愛社 (未婚 交友 婚友 聯誼),video,0,0,0,0
12,364417373611123,真愛久久,2017-10-03 13:00:12,2017-10-03 13:00:12,https://www.facebook.com/match.tw/videos/1438918136163438/,"這隻貓咪被送到寵物醫院時，害醫生笑到差點送醫，一看就不是什麼正經貓！～

? 全省大齡優質男女交友結婚保證方案!請由以下連結網址留下資料，全台的紅娘會為您服務。留下資料，才有機會遇見你的另一半。https://goo.gl/8vxFq6",單身關愛社 (未婚 交友 婚友 聯誼),video,0,0,0,0
13,175716341199,超級無敵影視粉絲團,2017-10-03 13:00:12,2017-10-03 13:00:12,https://www.facebook.com/match.tw/videos/1438918136163438/,"這隻貓咪被送到寵物醫院時，害醫生笑到差點送醫，一看就不是什麼正經貓！～

? 全省大齡優質男女交友結婚保證方案!請由以下連結網址留下資料，全台的紅娘會為您服務。留下資料，才有機會遇見你的另一半。https://goo.gl/8vxFq6",單身關愛社 (未婚 交友 婚友 聯誼),video,0,0,0,0
14,267219284451,Taiwan 台灣加油,2017-10-04 15:00:27,2017-10-03 13:00:11,https://www.facebook.com/match.tw/videos/1438918136163438/,"這隻貓咪被送到寵物醫院時，害醫生笑到差點送醫，一看就不是什麼正經貓！～

? 全省大齡優質男女交友結婚保證方案!請由以下連結網址留下資料，全台的紅娘會為您服務。留下資料，才有機會遇見你的另一半。https://goo.gl/8vxFq6",單身關愛社 (未婚 交友 婚友 聯誼),video,0,0,1,0
15,164525416607,不動產,2017-10-03 13:00:12,2017-10-03 13:00:12,https://www.facebook.com/match.tw/videos/1438918136163438/,"這隻貓咪被送到寵物醫院時，害醫生笑到差點送醫，一看就不是什麼正經貓！～

? 全省大齡優質男女交友結婚保證方案!請由以下連結網址留下資料，全台的紅娘會為您服務。留下資料，才有機會遇見你的另一半。https://goo.gl/8vxFq6",單身關愛社 (未婚 交友 婚友 聯誼),video,0,0,0,0
16,182727248780,素食養生美顏社,2017-10-03 13:00:12,2017-10-03 13:00:12,https://www.facebook.com/match.tw/videos/1438918136163438/,"這隻貓咪被送到寵物醫院時，害醫生笑到差點送醫，一看就不是什麼正經貓！～

? 全省大齡優質男女交友結婚保證方案!請由以下連結網址留下資料，全台的紅娘會為您服務。留下資料，才有機會遇見你的另一半。https://goo.gl/8vxFq6",單身關愛社 (未婚 交友 婚友 聯誼),video,0,0,0,1
17,178712466470,車友粉絲專頁,2017-10-03 13:00:11,2017-10-03 13:00:11,https://www.facebook.com/match.tw/videos/1438918136163438/,"這隻貓咪被送到寵物醫院時，害醫生笑到差點送醫，一看就不是什麼正經貓！～

? 全省大齡優質男女交友結婚保證方案!請由以下連結網址留下資料，全台的紅娘會為您服務。留下資料，才有機會遇見你的另一半。https://goo.gl/8vxFq6",單身關愛社 (未婚 交友 婚友 聯誼),video,0,0,0,0
18,148230131894621,時尚男人 Men's Talk,2017-10-03 13:00:12,2017-10-03 13:00:12,https://www.facebook.com/match.tw/videos/1438918136163438/,"這隻貓咪被送到寵物醫院時，害醫生笑到差點送醫，一看就不是什麼正經貓！～

? 全省大齡優質男女交友結婚保證方案!請由以下連結網址留下資料，全台的紅娘會為您服務。留下資料，才有機會遇見你的另一半。https://goo.gl/8vxFq6",單身關愛社 (未婚 交友 婚友 聯誼),video,0,0,0,0
19,148998521778978,瘋電影,2017-10-03 13:00:09,2017-10-03 13:00:09,https://www.facebook.com/match.tw/videos/1438918136163438/,"這隻貓咪被送到寵物醫院時，害醫生笑到差點送醫，一看就不是什麼正經貓！～

? 全省大齡優質男女交友結婚保證方案!請由以下連結網址留下資料，全台的紅娘會為您服務。留下資料，才有機會遇見你的另一半。https://goo.gl/8vxFq6",單身關愛社 (未婚 交友 婚友 聯誼),video,0,0,0,0
20,179908789903,消費王,2017-10-03 13:00:12,2017-10-03 13:00:12,https://www.facebook.com/match.tw/videos/1438918136163438/,"這隻貓咪被送到寵物醫院時，害醫生笑到差點送醫，一看就不是什麼正經貓！～

? 全省大齡優質男女交友結婚保證方案!請由以下連結網址留下資料，全台的紅娘會為您服務。留下資料，才有機會遇見你的另一半。https://goo.gl/8vxFq6",單身關愛社 (未婚 交友 婚友 聯誼),video,0,0,0,0
21,347888633726,房地產,2017-10-03 13:00:11,2017-10-03 13:00:11,https://www.facebook.com/match.tw/videos/1438918136163438/,"這隻貓咪被送到寵物醫院時，害醫生笑到差點送醫，一看就不是什麼正經貓！～

? 全省大齡優質男女交友結婚保證方案!請由以下連結網址留下資料，全台的紅娘會為您服務。留下資料，才有機會遇見你的另一半。https://goo.gl/8vxFq6",單身關愛社 (未婚 交友 婚友 聯誼),video,0,0,0,0
22,212602542624,法律服務社,2017-10-03 13:00:12,2017-10-03 13:00:12,https://www.facebook.com/match.tw/videos/1438918136163438/,"這隻貓咪被送到寵物醫院時，害醫生笑到差點送醫，一看就不是什麼正經貓！～

? 全省大齡優質男女交友結婚保證方案!請由以下連結網址留下資料，全台的紅娘會為您服務。留下資料，才有機會遇見你的另一半。https://goo.gl/8vxFq6",單身關愛社 (未婚 交友 婚友 聯誼),video,0,0,0,2
23,296303767271,幼教粉絲專頁,2017-10-03 13:00:12,2017-10-03 13:00:12,https://www.facebook.com/match.tw/videos/1438918136163438/,"這隻貓咪被送到寵物醫院時，害醫生笑到差點送醫，一看就不是什麼正經貓！～

? 全省大齡優質男女交友結婚保證方案!請由以下連結網址留下資料，全台的紅娘會為您服務。留下資料，才有機會遇見你的另一半。https://goo.gl/8vxFq6",單身關愛社 (未婚 交友 婚友 聯誼),video,0,0,0,0
24,206152098942,MSN交友粉絲團,2017-10-03 13:00:12,2017-10-03 13:00:12,https://www.facebook.com/match.tw/videos/1438918136163438/,"這隻貓咪被送到寵物醫院時，害醫生笑到差點送醫，一看就不是什麼正經貓！～

? 全省大齡優質男女交友結婚保證方案!請由以下連結網址留下資料，全台的紅娘會為您服務。留下資料，才有機會遇見你的另一半。https://goo.gl/8vxFq6",單身關愛社 (未婚 交友 婚友 聯誼),video,0,0,0,0
25,361412254614,我要當MODEL 模特兒,2017-10-03 13:00:12,2017-10-03 13:00:12,https://www.facebook.com/match.tw/videos/1438918136163438/,"這隻貓咪被送到寵物醫院時，害醫生笑到差點送醫，一看就不是什麼正經貓！～

? 全省大齡優質男女交友結婚保證方案!請由以下連結網址留下資料，全台的紅娘會為您服務。留下資料，才有機會遇見你的另一半。https://goo.gl/8vxFq6",單身關愛社 (未婚 交友 婚友 聯誼),video,0,0,0,0
26,372623029440756,潮男潮女情報站,2017-10-03 13:00:12,2017-10-03 13:00:12,https://www.facebook.com/match.tw/videos/1438918136163438/,"這隻貓咪被送到寵物醫院時，害醫生笑到差點送醫，一看就不是什麼正經貓！～

? 全省大齡優質男女交友結婚保證方案!請由以下連結網址留下資料，全台的紅娘會為您服務。留下資料，才有機會遇見你的另一半。https://goo.gl/8vxFq6",單身關愛社 (未婚 交友 婚友 聯誼),video,0,0,0,0
27,293433856242,勞工、上班族粉絲團,2017-10-03 13:00:12,2017-10-03 13:00:12,https://www.facebook.com/match.tw/videos/1438918136163438/,"這隻貓咪被送到寵物醫院時，害醫生笑到差點送醫，一看就不是什麼正經貓！～

? 全省大齡優質男女交友結婚保證方案!請由以下連結網址留下資料，全台的紅娘會為您服務。留下資料，才有機會遇見你的另一半。https://goo.gl/8vxFq6",單身關愛社 (未婚 交友 婚友 聯誼),video,0,0,0,0
28,167862096675699,可愛寵物團,2017-10-03 13:00:10,2017-10-03 13:00:10,https://www.facebook.com/match.tw/videos/1438918136163438/,"這隻貓咪被送到寵物醫院時，害醫生笑到差點送醫，一看就不是什麼正經貓！～

? 全省大齡優質男女交友結婚保證方案!請由以下連結網址留下資料，全台的紅娘會為您服務。留下資料，才有機會遇見你的另一半。https://goo.gl/8vxFq6",單身關愛社 (未婚 交友 婚友 聯誼),video,0,0,0,0
29,362630620440964,生活好事多,2017-10-03 13:00:12,2017-10-03 13:00:12,https://www.facebook.com/match.tw/videos/1438918136163438/,"這隻貓咪被送到寵物醫院時，害醫生笑到差點送醫，一看就不是什麼正經貓！～

? 全省大齡優質男女交友結婚保證方案!請由以下連結網址留下資料，全台的紅娘會為您服務。留下資料，才有機會遇見你的另一半。https://goo.gl/8vxFq6",單身關愛社 (未婚 交友 婚友 聯誼),video,0,0,0,0
30,229472890508768,運動吧,2017-10-19 17:25:01,2017-10-19 17:25:00,http://www.daydayin.com/?id=36954,貓咪探頭伸手圖偷魚，主人狂阻仍堅持,貓咪探頭伸手圖偷魚，主人狂阻仍堅持,link,1,0,0,1
31,389460351085144,愛情限時批,2017-10-03 13:00:12,2017-10-03 13:00:12,https://www.facebook.com/match.tw/videos/1438918136163438/,"這隻貓咪被送到寵物醫院時，害醫生笑到差點送醫，一看就不是什麼正經貓！～

? 全省大齡優質男女交友結婚保證方案!請由以下連結網址留下資料，全台的紅娘會為您服務。留下資料，才有機會遇見你的另一半。https://goo.gl/8vxFq6",單身關愛社 (未婚 交友 婚友 聯誼),video,1,0,0,1
32,312563672157127,非正常人類聯盟,2017-10-03 17:43:37,2017-10-03 13:00:12,https://www.facebook.com/match.tw/videos/1438918136163438/,"這隻貓咪被送到寵物醫院時，害醫生笑到差點送醫，一看就不是什麼正經貓！～

? 全省大齡優質男女交友結婚保證方案!請由以下連結網址留下資料，全台的紅娘會為您服務。留下資料，才有機會遇見你的另一半。https://goo.gl/8vxFq6",單身關愛社 (未婚 交友 婚友 聯誼),video,1,0,1,1
33,173102372943,汽車旅館 飯店,2017-10-03 13:00:12,2017-10-03 13:00:12,https://www.facebook.com/match.tw/videos/1438918136163438/,"這隻貓咪被送到寵物醫院時，害醫生笑到差點送醫，一看就不是什麼正經貓！～

? 全省大齡優質男女交友結婚保證方案!請由以下連結網址留下資料，全台的紅娘會為您服務。留下資料，才有機會遇見你的另一半。https://goo.gl/8vxFq6",單身關愛社 (未婚 交友 婚友 聯誼),video,1,0,0,1
34,290944661956,Travel 揪團去旅行,2017-10-03 13:00:12,2017-10-03 13:00:12,https://www.facebook.com/match.tw/videos/1438918136163438/,"這隻貓咪被送到寵物醫院時，害醫生笑到差點送醫，一看就不是什麼正經貓！～

? 全省大齡優質男女交友結婚保證方案!請由以下連結網址留下資料，全台的紅娘會為您服務。留下資料，才有機會遇見你的另一半。https://goo.gl/8vxFq6",單身關愛社 (未婚 交友 婚友 聯誼),video,1,0,0,1
35,208101370707,女人王,2017-10-03 13:00:12,2017-10-03 13:00:12,https://www.facebook.com/match.tw/videos/1438918136163438/,"這隻貓咪被送到寵物醫院時，害醫生笑到差點送醫，一看就不是什麼正經貓！～

? 全省大齡優質男女交友結婚保證方案!請由以下連結網址留下資料，全台的紅娘會為您服務。留下資料，才有機會遇見你的另一半。https://goo.gl/8vxFq6",單身關愛社 (未婚 交友 婚友 聯誼),video,1,0,0,1
36,190066337591,創業家,2017-10-03 13:00:40,2017-10-03 13:00:12,https://www.facebook.com/match.tw/videos/1438918136163438/,"這隻貓咪被送到寵物醫院時，害醫生笑到差點送醫，一看就不是什麼正經貓！～

? 全省大齡優質男女交友結婚保證方案!請由以下連結網址留下資料，全台的紅娘會為您服務。留下資料，才有機會遇見你的另一半。https://goo.gl/8vxFq6",單身關愛社 (未婚 交友 婚友 聯誼),video,1,0,1,1
37,178172213590,美食王,2017-10-03 13:00:12,2017-10-03 13:00:12,https://www.facebook.com/match.tw/videos/1438918136163438/,"這隻貓咪被送到寵物醫院時，害醫生笑到差點送醫，一看就不是什麼正經貓！～

? 全省大齡優質男女交友結婚保證方案!請由以下連結網址留下資料，全台的紅娘會為您服務。留下資料，才有機會遇見你的另一半。https://goo.gl/8vxFq6",單身關愛社 (未婚 交友 婚友 聯誼),video,1,0,0,1
38,120011791345977,展覽好康情報站,2017-10-25 12:05:19,2017-10-25 12:05:19,https://goo.gl/cs5quF,"沒有搶到免費門票沒關係
還有早鳥免費票喲?

?11/3-6台北南港寵物用品博覽會?
?早鳥免費門票?https://goo.gl/Fu3Fjb
?狗狗用品週週抽?https://goo.gl/UYyoKU
?貓咪用品週週抽?https://goo.gl/rZqCuo
?萬元用品加碼抽?https://goo.gl/cs5quF
?毛小孩趣味賽?https://goo.gl/Nou2TD",萬款寵物用品下殺、飼料用品一折起! 「冬季寵物展」11/3-6台北南港展覽館,link,2,0,0,2
39,126709274050415,爆笑影片集中營,2017-10-18 16:00:01,2017-10-18 16:00:00,http://www.cocohk.net/post/630441?r=z155423,現在有越來越多的人開始喜歡貓咪，它們不僅擁有非常可愛的模樣，而且有時候的行為還特別的搞笑。尤其是在主人準備了一桌豐盛的飯菜後，聞到香味的貓咪更是會表現出強烈的好奇，就算不是它能吃的食物，也要從主人碗裡搶走！,「自從養了貓，飯都不能好好吃了！」這些喵皇愛嘴的誇張照...網友看了全笑噴!!!,link,2,0,0,2
40,396014493787339,寵物搞笑搜查線 IPetGroup,2017-10-17 19:20:02,2017-10-17 19:20:01,https://ipetgroup.com/Article/8300,"主人表示好無奈,小編覺得好羨慕XD 
#眾多萌寵齊聚一堂 
#狗狗貓貓雞雞兔兔看到飽 
加入Line接收每日精選的動物訊息：
➤https://goo.gl/1vwmvd",「你們一定要都擠在我身上嗎？！」這幾組毛孩「神複製」的超萌照片，真的讓人看了完全融化！,link,2,0,0,2
41,289235496294,股市 股票 期貨 投資觀測站,2017-10-03 13:03:20,2017-10-03 13:00:12,https://www.facebook.com/match.tw/videos/1438918136163438/,"這隻貓咪被送到寵物醫院時，害醫生笑到差點送醫，一看就不是什麼正經貓！～

? 全省大齡優質男女交友結婚保證方案!請由以下連結網址留下資料，全台的紅娘會為您服務。留下資料，才有機會遇見你的另一半。https://goo.gl/8vxFq6",單身關愛社 (未婚 交友 婚友 聯誼),video,2,0,1,2
42,492712560876940,Diana Anne,2017-10-02 02:07:31,2017-10-02 02:07:31,https://www.facebook.com/photo.php?fbid=904967066318152&set=p.904967066318152&type=3,"個人有兼差短期寵物收費代養
如有需求歡迎私訊洽談。

所在地:桃園市中壢區

曾飼養動物/年資：
狗/5年，兔子/4-8年
也有代養小貓過

可代養寵物種類/性別/數量：
狗狗/女士優先，男士需已結紮/最多兩隻
若是其他寵物種類也可私訊洽談

寄養人需自備物品：自家寵物所需用品飼料

代養人有提供之物品：圍片，玩具

可代養天數：短期優先，最短可半天

家中現有寵物/性別/結紮：
狐狸博美/母/未結紮

收費或報酬：150/天

收費方式：事後付款

簡述寵物居住環境：
我是租屋，房東允許寵物代養情形
樓下有人行道可以牽繩散散步

不接受寄養之情形：
會咬人，吠叫情形嚴重、不親人親狗

其他：
因為愛犬日前有跟溝通老師提到
她喜歡有玩伴，但是不要長期住家裡
希望她有個朋友可以一起玩幾天
才想到可以提供代養給狗狗來家裡玩幾天
如果不介意是租屋沒有草皮庭園的話
歡迎私訊洽談。",,photo,2,0,0,2
43,126709274050415,爆笑影片集中營,2017-10-22 08:00:01,2017-10-22 08:00:00,http://www.cocosg.cc/post/635061?r=z155423,貓咪是我們經常談及的寵物，貓咪們有的高冷，有的可愛，有的粘人，可能我們平時很難見到家養的寵物貓咪，因為貓咪不像狗狗那樣需要每天都帶出來遛彎呀，但是流浪貓咪就經常見到了，而且現在天氣冷了，很多流浪貓咪的生活還是很慘的，三餐不濟，風餐露宿，如果大家遇到需要幫助的流浪貓咪，如果方便就盡量幫助它們一下吧，哪怕一粥一飯，或者幫忙打個救助中心的電話，發個微博@一下的……,貓咪躺在地上一動不動，路人以為牠死了，但仔細一看後卻尷尬了...,link,3,0,0,3
44,379901212087089,The Giver,2017-10-16 14:30:42,2017-10-16 14:30:42,https://www.facebook.com/TheGiver94/photos/a.380918168652060.86111.379901212087089/1539011302842735/?type=3,"貓狗同樂會與 寵物公園-福德店，於 10/28 (六)一同舉辦流浪動物的認養活動，當天出席的貓狗多數來自臺北市動物之家，經過照顧非常健康的毛孩讓大家認養，歡迎有空揪伴來看看喔！因為有您的參與，生命將更美好！

認養會時段：10/28 (六) pm13:00∼pm18:00
地點：寵物公園(福德店)
地址：新北市三重區福德北路74號
**********************
貓狗同樂會是由動物收容所志工組成的，是全臺灣第一個以關懷收容所犬貓為成立宗旨的協會．經常辦理送養活動及參加各項公益活動，急需熱心動保公益的志工及民眾共襄盛舉，提升收容所動物的認養率及待認養動物的曝光度。此外，志工定期在服務的動物之家，幫這些無依的犬貓們拍照並貼在網路上，使牠們能夠多一些被認養的機會。
**********************",,photo,3,1,0,3
45,229472890508768,運動吧,2017-10-05 23:25:00,2017-10-05 23:25:00,http://www.daydayin.com/?id=36506,貓咪保護小主人狂毆保姆！影片網絡爆紅！,貓咪保護小主人狂毆保姆！影片網絡爆紅！,link,3,0,0,3
46,218529953139,Facebook男人幫,2017-10-03 13:00:12,2017-10-03 13:00:12,https://www.facebook.com/match.tw/videos/1438918136163438/,"這隻貓咪被送到寵物醫院時，害醫生笑到差點送醫，一看就不是什麼正經貓！～

? 全省大齡優質男女交友結婚保證方案!請由以下連結網址留下資料，全台的紅娘會為您服務。留下資料，才有機會遇見你的另一半。https://goo.gl/8vxFq6",單身關愛社 (未婚 交友 婚友 聯誼),video,3,0,0,6
47,126709274050415,爆笑影片集中營,2017-10-23 16:00:00,2017-10-23 16:00:00,http://www.cocosg.cc/post/636317?r=z155423,有網友投稿：某天下午，女生宿舍樓下，有三只可愛的貓咪在排隊曬太陽，三只貓咪擺了一樣的姿勢，非常可愛，很多學生停下了為它們拍照。在學生們給它們拍照的時候，第四只貓咪路過，發現了排隊曬太陽的三只貓咪。,3隻橘貓排隊曬太陽，這時花貓突然出現！接下來的畫面讓網友笑噴!!!,link,4,0,0,4
48,591538510858802,可愛動物讚一個,2017-10-21 11:33:05,2017-10-20 15:49:19,https://www.facebook.com/buymylove/videos/791012357745920/,"#最後有亮點哦
?✨【寵物除毛安撫手套】✨?
是玩具也是必需品► goo.gl/fTVqge
---------
軟軟顆粒設計
讓貓貓好舒服❤

毛能整片取下? ? ? ?
主人輕鬆毛孩樂開懷

而且毛毛還能................(要看到最後哦）",購物生理期,video,4,0,1,4
49,126709274050415,爆笑影片集中營,2017-10-14 15:00:01,2017-10-14 15:00:00,http://www.cocohk.net/post/625720?r=z155423,貓咪常常都是滿滿的臭臉ＸＤ但這也是貓咪可愛的地方。一名主人分享自己幫貓咪畫表情的照片，網友雖然大贊有創意跟可愛，但也有網友說，那個紙這樣插進貓咪鼻孔根本虐貓！主人解釋那紙有剪過的並沒有插進貓咪鼻孔，貓咪完全沒有不舒服跟反抗，要大家放心。我們帶著輕鬆的心情往下看吧！,專治貓咪臭臉的方法：主人乾脆自己幫貓咪畫表情！看到第三張直接笑噴XD,link,4,0,0,4
50,282482525191816,女孩心裡那件事,2017-10-09 05:30:00,2017-10-09 05:30:00,https://ipetgroup.com/Article/8300,"主人表示好無奈,小編覺得好羨慕XD 
#眾多萌寵齊聚一堂 
#狗狗貓貓雞雞兔兔看到飽 
加入Line接收每日精選的動物訊息：
➤https://goo.gl/1vwmvd",「你們一定要都擠在我身上嗎？！」這幾組毛孩「神複製」的超萌照片，真的讓人看了完全融化！,link,4,0,0,4
51,379901212087089,The Giver,2017-10-07 01:00:00,2017-10-07 01:00:00,https://www.facebook.com/TheGiver94/photos/a.380918168652060.86111.379901212087089/1523802384363627/?type=3,"流浪動物花園協會

 
10/7.8.9.10花園在花博爭艷館的寵物生活用品展送養與義賣的攤位喔!!歡迎大家來支持義賣商品跟認養狗狗貓貓^^
也歡迎分享活動訊息~讓更多的狗狗貓貓有機會回家唷!!!",The Giver 貼文的照片,photo,4,1,0,4
52,330536733672550,天天開心,2017-10-03 13:00:12,2017-10-03 13:00:12,https://www.facebook.com/match.tw/videos/1438918136163438/,"這隻貓咪被送到寵物醫院時，害醫生笑到差點送醫，一看就不是什麼正經貓！～

? 全省大齡優質男女交友結婚保證方案!請由以下連結網址留下資料，全台的紅娘會為您服務。留下資料，才有機會遇見你的另一半。https://goo.gl/8vxFq6",單身關愛社 (未婚 交友 婚友 聯誼),video,4,0,0,7
53,260968911208,facebook讀書會,2017-10-03 13:00:12,2017-10-03 13:00:12,https://www.facebook.com/match.tw/videos/1438918136163438/,"這隻貓咪被送到寵物醫院時，害醫生笑到差點送醫，一看就不是什麼正經貓！～

? 全省大齡優質男女交友結婚保證方案!請由以下連結網址留下資料，全台的紅娘會為您服務。留下資料，才有機會遇見你的另一半。https://goo.gl/8vxFq6",單身關愛社 (未婚 交友 婚友 聯誼),video,4,0,0,8
54,1217729924914903,Stom Chen,2017-10-26 18:03:06,2017-10-25 23:32:43,https://www.facebook.com/photo.php?fbid=1717440944943796&set=p.1717440944943796&type=3,"#寵物協尋#

我是中壢人，大家好。
我家的貓咪離家後失蹤，請大家幫忙協尋！！！

這是我家養的咚咚（母貓已結紮），10月24日下午1點多到下午6點從家裡偷溜出去了，原本有如相片中的訂作地址電話，被它搞丟了，所以只有如相片的紅色頸圈，地點中壢大勇二街附近，之前有出去過但沒多久就自己回家了，今天卻遲遲未歸怕被有心人喜歡留下來了，若有人發現請與我聯絡
0986200380",,photo,7,23,2,9
55,120011791345977,展覽好康情報站,2017-10-18 15:30:24,2017-10-18 15:00:00,https://www.facebook.com/toplink01/videos/2036089166404887/,"?11/3-6台北南港寵物用品博覽會?
免費索票只到本周五啦！朋友家人閨密還沒索票就要來不及囉！
?免費索票?https://goo.gl/KtqWLG
?狗狗用品週週抽?https://goo.gl/UYyoKU
?貓咪用品週週抽?https://goo.gl/rZqCuo
?萬元用品加碼抽?https://goo.gl/cs5quF
?毛小孩趣味賽?https://goo.gl/Nou2TD",,video,7,2,0,7
56,10203718639038668,Amber Lin,2017-10-15 20:58:46,2017-10-15 19:34:55,https://www.facebook.com/photo.php?fbid=10209514356207975&set=p.10209514356207975&type=3,"推薦東湖平價寵物餐廳[Cami House]
餐點、飲料用心好吃又平價，店裡的毛孩們都很乖巧溫馴又親人，店裡裝潢安靜舒適，還有提供小貓認養平台~~非常推薦的好店家!!
https://www.facebook.com/PAcamihouse",,photo,7,3,1,8
57,108853872503211,單身關愛社 (未婚 交友 婚友 聯誼),2017-10-05 07:17:33,2017-10-02 18:23:31,https://www.facebook.com/match.tw/videos/1438918136163438/,"這隻貓咪被送到寵物醫院時，害醫生笑到差點送醫，一看就不是什麼正經貓！～

? 全省大齡優質男女交友結婚保證方案!請由以下連結網址留下資料，全台的紅娘會為您服務。留下資料，才有機會遇見你的另一半。https://goo.gl/8vxFq6",這隻貓咪被送到寵物醫院時，  害醫生笑到差點送醫，一看就不是什麼正經貓！～,video,7,71,5,9
58,145517152539,愛生活手記．hi! my dear life,2017-10-14 21:44:00,2017-10-14 21:44:00,http://www.books.com.tw/products/0010764486,"貓咪的失控行為真的可以改嗎？
可以唷！限量的《21天養成完美同伴貓》搭配寵物響片，讓想糾正貓兒行為的您輕鬆上手！

【理想生活 日日實踐 #麥浩斯全書系49折起】
https://goo.gl/pYAzz1",21天養成完美同伴貓 適合難搞貓咪的溫和訓練營+專業響片,link,8,0,0,8
59,129204783942705,女人悄悄話,2017-10-03 08:40:00,2017-10-03 08:40:00,https://ipetgroup.com/Article/8300,"主人表示好無奈,小編覺得好羨慕XD 
#眾多萌寵齊聚一堂 
#狗狗貓貓雞雞兔兔看到飽 
加入Line接收每日精選的動物訊息：
➤https://goo.gl/1vwmvd",「你們一定要都擠在我身上嗎？！」這幾組毛孩「神複製」的超萌照片，真的讓人看了完全融化！,link,8,0,0,8
60,120485161393938,我是貓奴隸,2017-10-26 19:51:29,2017-10-26 17:34:00,https://pet.talk.tw/Article.aspx?Article_ID=753,"《貓咪訓練／貓咪溝通》很多尚未被貓咪收服、不願意花時間愛上貓咪的朋友，有種根深蒂固的錯誤的認知——「貓咪絕對不會聽話！就算牠們懂，牠們也絕不會在乎我們說什麼。」
.
這些錯誤的認知通常發生在已經習慣和狗狗相處的人類，不同於狗狗非常明顯豐富的眉毛和臉部表情，貓咪也有牠們的表達方式。只要你用心了解貓咪語言，你將會發現你其實忽略了很多令人驚奇的貓咪表達方式。原來，貓咪也是如此努力的在和你溝通的呢！",【動物行為專家不藏私】教你和貓咪溝通的6種方式 | 寵物滔客誌 | 墨汁,link,11,2,1,11
61,235679595900,民視新聞,2017-10-25 19:00:02,2017-10-25 19:00:01,https://news.ftv.com.tw/articles/1/detail/472,"【《貓的犯罪現場》弄壞電視也毫無悔意的貓咪（無表情）】

#樂虎編：「不然你是要怎樣」的表情好經典啊 XDDD

宅宅新聞 #寵物愛很大 #貓 #犯罪現場 #無悔意

☑民視新聞陪您關心時事?https://news.ftv.com.tw/
☑民視新聞台Live直播隨時看?https://goo.gl/fYB6on
☑民視新聞Android APP帶著走?https://goo.gl/cZF9aL
☑蘋果用戶看這邊iOS版火熱上線?https://goo.gl/Vkw8pR",《貓的犯罪現場》弄壞電視也毫無悔意的貓咪（無表情）-民視新聞網,link,11,2,0,16
62,207161759345931,立川漁場,2017-10-13 16:30:00,2017-10-13 16:30:00,https://www.facebook.com/photo.php?fbid=1953811528275800&set=gm.1974606025892240&type=3,"【?超級任務】
敦親睦鄰協尋小貓?
立川漁場?鄰居的貓咪 #阿華田
前幾天離家出走了??
主人著急地找我們協助
如果住在附近或有來立川玩的朋友
看見?阿華田的蹤跡
請趕快私訊?給小編
或直接電話☎與主人聯絡哦
連日的大雨?☔
希望阿華田能快快回到溫暖的家?

#請大家幫忙鄰居
#協尋走失小貓
#立川漁場

立川生鮮水產訂購專線：03-8650905
立川漁場洽詢專線：03-8651333
成為蜆寶Line好友：https://goo.gl/nkprcA
蜆寶帶您購物去：http://shop.lichuan.tw/
蜆寶帶您遊立川：http://goo.gl/GwfGx5
蜆寶帶您看影片：http://goo.gl/c5mhDF
蜆寶也要看臉書：http://goo.gl/nGHHSn
按「讚」並「分享」給您的好朋友吧！",Tsung-hua Lee,photo,11,0,0,11
63,678859015486572,男孩女孩Writings,2017-10-02 04:00:00,2017-10-02 04:00:00,http://zy.joylah.com/w/ymbqbvcE.html,貓咪專心舔爪子「玩心重的主人偷偷換成自己的手」，最後「貓咪的眼神」讓大家都笑歪了！,趣聞趣事Writings,link,11,0,0,11
64,141637242531921,Ann'S,2017-10-06 12:00:00,2017-10-06 12:00:00,https://www.facebook.com/loveanns/photos/a.171257139569931.43669.141637242531921/1923943554301272/?type=3,"用手繪插畫·聊穿搭✍illustration/page.5
休閒女孩的攻略?太完美了吧❤

?看插畫選單品?https://goo.gl/KsW1Uz
貓咪球鞋?熱賣數年的女明星指定款
ⓕⓡⓔⓔ免運?在家穿沒負擔

手腳要快！Ann'S訂製款顏色?後背包
?看插畫選單品?https://goo.gl/XjoV6T
✔市面稀少色 ✔小巧可愛 ✔硬挺皮料
#穿搭插畫illustration
Miss.CAT三橫美智貓",,photo,14,0,0,14
65,238008506256087,ETNEWS分享雲,2017-10-20 08:33:43,2017-10-19 11:50:00,https://pets.ettoday.net/news/1033791?from=fb_et_share,"傻眼貓咪！

不給罐罐就搗蛋啦～

趕快去寵物用品展買貢品孝敬主子>>

https://goo.gl/txdWE7",閃抽1500張《台北寵物用品博覽會》門票　不給罐罐就搗蛋！ | ETNEWS寵物雲 | ETNEWS新聞雲,link,15,1,1,15
66,230899156962824,Yahoo奇摩,2017-10-04 19:38:41,2017-10-03 11:59:00,https://www.facebook.com/Yahoo.Kimo/videos/1562085877181959/,"【 邵庭 熊爸訓練師王昱智 犬類行為專家帶你玩三芝??】
家有毛小孩的朋友每到周末最苦惱的，就是要帶狗狗貓貓去哪七逃了?現在不用再想破頭啦！就讓超愛動物的 ＃邵庭 和知名狗狗行為訓練師 ＃熊爸，來到擁有許多寵物友善餐廳以及寵物友善民宿的三芝，讓你帶著毛孩子一起快樂旅行，吃美食、看海景、沙灘踏浪去??
✔看影片幫助更多毛孩子➡Richart x 巴克動物救援協會，救援浪浪們?
＃貓咪好多小編已融化 ＃台新銀行Richart ＃巴克動物救援協會 ＃救援浪浪 ＃五熊的家 ＃三芝 ＃Richart愛你喲 ＃OO帶你玩XX",邵庭熊爸帶你玩三芝－台新銀行,video,15,1,1,15
67,126709274050415,爆笑影片集中營,2017-10-25 15:00:01,2017-10-25 15:00:00,http://www.cocosg.cc/post/638604?r=z155423,"每次看到關於流浪動物的故事，心頭都會忍不住一酸，覺得不管是被丟棄，還是只是單純走失，都很同情這些毛孩啊，牠們一定很想家吧?

嗯...不過今天這則流浪動物故事絕對不一樣，這只偷跑出去玩、離家半年的貓咪，絲毫沒有感受到外面生活不好混，
反而過得爽爽的，被人發現時比原本家裡還肥一圈。",「流浪半年」吃成18公斤大胖喵！？救援組織公開它「一餐都沒餓到」秘訣...網友笑翻XD,link,16,2,0,23
68,111048682315693,愛情不是遊戲,2017-10-12 07:30:00,2017-10-12 07:30:00,http://beingsweetlife.com/archives/10/133804?ref=linjj,主人在玩疊疊樂時「貓咪突然伸出爪子刮出積木」，「快狠準的動作」讓大家都傻眼了！,主人在玩疊疊樂時「貓咪突然伸出爪子刮出積木」，「快狠準的動作」讓大家都傻眼了！,link,16,0,0,17
69,126709274050415,爆笑影片集中營,2017-10-16 18:00:02,2017-10-16 18:00:01,http://www.cocohk.net/post/628167?r=z155423,"想當初，多少父母拼命反對養貓貓狗狗，甚至撂下狠話「有它沒我，有我沒它！」

可是真把小寵物抱回家，畫風就這麼變了……",千萬別讓爸媽養寵物！！哈哈哈第一個就笑瘋了！,link,19,1,0,23
70,153617234665390,愛情療癒系,2017-10-12 07:30:00,2017-10-12 07:30:00,http://beingsweetlife.com/archives/10/133804?ref=linjj,主人在玩疊疊樂時「貓咪突然伸出爪子刮出積木」，「快狠準的動作」讓大家都傻眼了！,主人在玩疊疊樂時「貓咪突然伸出爪子刮出積木」，「快狠準的動作」讓大家都傻眼了！,link,20,0,0,20
71,215040661914214,正興咖啡館,2017-10-29 11:00:09,2017-10-29 11:00:09,https://www.facebook.com/zx.cafe/photos/a.544949295590014.1073741826.215040661914214/1577530962331837/?type=3,"假日的木工課。多了份熱情
自己手做時鐘
是貓咪在睡覺還是狗狗在奔跑
亦或是小小鳥在飛翔⋯⋯
晚一點揭曉喔^_^",正興咖啡館貼文的照片,photo,23,0,0,24
72,162936210430314,Petstro 沛德奧股份有限公司,2017-10-10 20:30:00,2017-10-10 20:30:00,https://www.facebook.com/pettiocorp/photos/a.166083390115596.37582.162936210430314/1584338148290106/?type=3,"11月!!!!!
北部的毛孩們??????
準備好了嗎?!!

#上聯寵物展 #南港寵物展 #沛德奧 #寵物推車 #台灣寵物推車 #台北寵物展 #狗推車 #貓推車 #寵物拉箱 #貓運輸籠 #台北哪裡可以看推車 #11月台北寵物展",,photo,24,1,0,24
73,186758878172497,風傳媒,2017-10-29 19:00:02,2017-10-29 19:00:01,http://www.storm.mg/article/351106,"貓奴們看過來！你也被家裡的貓主子馴服到不要不要的嗎？這篇千萬別錯過囉～

♛ 加入〈 風傳媒看世界 〉，給您更多國際要聞 → http://bit.ly/別再說媒體不報國際新聞了

#貓咪 #貓奴 #寵物 #貓科動物",【Gene思書齋】掌控人類就能統治全世界！喵星人與貓奴的千年真愛故事-風傳媒,link,27,0,0,28
74,243970158979587,臺灣土地銀行,2017-10-29 01:44:37,2017-10-24 17:00:00,https://www.facebook.com/landbank.com.tw/photos/a.246569562052980.56151.243970158979587/1547819708594619/?type=3,"想問問土粉們，除了貓狗，
大家最喜歡的寵物是甚麼呢？
#小福德最喜歡兔子惹❤ ❤ ❤
　　
根據Dailyview網路數據
除貓貓?狗狗?以外
最理想的寵物排名……
可怕的蜘蛛竟然榜上有名
▆▅▄▃_崩╰(〒皿〒)╯潰_▃▄▅▆ 　
　　
土粉心中的最愛寵物有上榜嗎？
留言告訴小福德，你喜歡的是甚麼?
也歡迎秀一下你可愛的毛小孩??
　　
為了毛孩好好理財?https://goo.gl/lGweuc
　　
來來成為土粉天南地北東聊西聊? 臺灣土地銀行
　　
參考數據?https://goo.gl/8uwTvz",,photo,27,0,2,28
75,493486894105585,郝媽媽,2017-10-20 23:09:05,2017-10-18 09:18:09,https://www.facebook.com/news.ebc/videos/1489353384433081/,"花瓶.臉盆.鞋盒 萌喵到哪都能「窩」 #藍編：看到牠嘴角瘋狂上揚，超療癒(*´∀`)~♥  影片授權：IG/hosico_cat #療癒 #貓咪 #可愛

超多內容盡在:
:v 【NPNT 沒圖沒真相】 >> http://bit.ly/1VNLuZD",東森新聞,video,27,0,3,35
76,591538510858802,可愛動物讚一個,2017-10-06 18:34:40,2017-10-06 18:34:40,https://www.facebook.com/buymylove/videos/783569091823580/,"?【隔壁家的毛孩｜狗狗貓貓仿真抱枕】?
養我～拜託～►►►goo.gl/kvbgMh

想要有?毛小孩?陪伴
但怕沒有心思照顧他嗎☠？

我陪你吃飯?喝酒?趕走寂寞
想說什麼你就說?
只希望你天天開心！",購物生理期,video,28,0,0,32
77,382023855209241,Welcome!生活元氣bar,2017-10-05 09:40:00,2017-10-05 09:40:00,https://ipetgroup.com/Article/8300,"主人表示好無奈,小編覺得好羨慕XD 
#眾多萌寵齊聚一堂 
#狗狗貓貓雞雞兔兔看到飽 
加入Line接收每日精選的動物訊息：
➤https://goo.gl/1vwmvd",「你們一定要都擠在我身上嗎？！」這幾組毛孩「神複製」的超萌照片，真的讓人看了完全融化！,link,34,1,0,37
78,152865641293,101 機票旅館促銷情報,2017-10-20 11:01:44,2017-10-20 11:01:44,http://news.ltn.com.tw/news/life/paper/1144845,華航上演「貓咪失蹤記」，有旅客的愛貓在行李託運時，因為環境聲響受到驚嚇，掙脫貓籠、跳車逃脫走失，在華航工作人員積極協尋下，六天後成功找回。為避免再發生相同事件，過去不限寵物籠形式的華航，修改規定，比照他航限制寵物籠材質與功能，且須加以固定以防寵物脫逃。,防貓咪再失蹤 華航修寵物籠規定 - 生活 - 自由時報電子報,link,36,1,0,42
79,172835866095977,我是中壢人,2017-10-28 16:43:56,2017-10-27 22:07:51,https://www.facebook.com/iChungLi/photos/a.514690365243857.1073741825.172835866095977/1628265897219626/?type=3,"#寵物協尋
1.狗狗失蹤了！中壢區
拜託拜託大家幫幫忙
今天傍晚左右我家的金剛掙脫項圈跑掉了!!
麻煩大家幫忙協尋好嗎
他現在身上沒有項圈!!
全黑
立耳
母 
5歲
14公斤
下巴有些許白毛
膽小怕生，有人接近就亂跑
應該非主人是抓不到的

失蹤地點在
桃園中壢區龍川街
可能往後寮一路或周圍附近跑
麻煩如果有人看到疑似金剛的狗狗請務必跟我聯絡！
拜託拜託了!!!急死人了!!!

0961-298644
徐浠晴
24小時不關機隨時可以打!!
拜託大家!!
2.?協尋法鬥主人?
品種：法國鬥牛犬
地點：中壢區環中東路二段495號（彩虹魚環中店）
聯絡電話：03-4688055
時間：2017/10/17 09:30
特徵：虎斑法鬥，有剃毛，藍色領巾項圈
晶片：無
性別：公，未結紮
3.協尋愛貓資訊如圖",我是中壢人貼文的照片,photo,38,45,4,42
80,145023835706714,聯合大社會,2017-10-07 18:44:19,2017-10-07 18:00:00,http://pics.ee/16ct9,"主人要好好保護自己的寵物啦...
#高鐵 #斷電 #救貓咪",貓咪沒顧好掉落軌道 高鐵斷電救貓,link,39,0,1,48
81,198698828137,帝芬妮精品婚紗Diamond Wedding,2017-10-28 18:31:11,2017-10-27 12:30:00,https://www.niusnews.com/=P0vml448,"【你跟你的貓想婚了嗎】
最近小編身旁的朋友?
一個個都在拍攝結婚照?
都會問說寵物也可以一起入境嗎?
這是當然的壓！⭕
寵物是不可或缺的一家人???
結婚是終身大事，有寵物的陪伴
肯定更加喜悅更加完美呢?

#貓與人類之間的信任感
#這是最真實最單純的情感
#貓咪其實很優雅又有點狂野的魅力呢",換我們帶著貓一起結婚吧！貓奴們夢寐以求的婚紗照 | 生活發現 | 妞新聞 niusnews,link,43,1,1,44
82,321571451229747,生活好簡單 so easy~,2017-10-12 10:40:00,2017-10-12 10:40:00,https://ipetgroup.com/Article/8300,"主人表示好無奈,小編覺得好羨慕XD 
#眾多萌寵齊聚一堂 
#狗狗貓貓雞雞兔兔看到飽 
加入Line接收每日精選的動物訊息：
➤https://goo.gl/1vwmvd",「你們一定要都擠在我身上嗎？！」這幾組毛孩「神複製」的超萌照片，真的讓人看了完全融化！,link,43,4,0,50
83,120011791345977,展覽好康情報站,2017-10-22 10:37:28,2017-10-17 20:20:00,https://www.facebook.com/ETtodayPETS/videos/1778187565525931/,"給你家毛小孩吃點不一樣的吧?

20171103-1106台北國際寵物用品博覽會
免費索票 https://goo.gl/x1izqN
貓咪用品週週抽  https://goo.gl/TVYvYj
狗狗用品週週抽 https://goo.gl/m5JTcx
萬元好禮雙重抽 https://goo.gl/z9Peoh",ETNEWS寵物雲,video,46,0,11,50
84,246032849856,寵物資訊粉絲團 Pet info,2017-10-22 07:25:13,2017-10-22 07:20:00,https://www.facebook.com/Pet.tw/videos/1573189699385722/,"貪睡的貓咪.w.
#聽說手麻痹太久會....
#截肢

75劇場

想要一起曬貓曬狗曬寶貝嗎！
快一起加入「毛孩們的產地」社團：https://goo.gl/cvRNB8
加入Line按這裡:https://goo.gl/TBJbU9",你有愛睡覺的女友嗎？快伸出你的手臂讓她靠吧！,video,47,12,1,52
85,222130594506925,I-sTyLe公主花園,2017-10-01 19:20:00,2017-10-01 19:20:00,https://www.facebook.com/iloveistyle/photos/a.223812677672050.65889.222130594506925/1454817514571554/?type=3,"✨#可愛喵星人現貨報到?
【H30345】手繪貓咪荷葉雪紡衫
https://goo.gl/5YCDq6
超柔滑親膚材質~真心大推?
?#留言中有奈奈穿搭影片唷
每隻貓咪圖案都好逗趣
雖然看起來心事重重~卻超療癒的?
顯瘦荷葉袖口設計
舉手投足都飄飄浪漫
搭件針織外套就super好看
快點把他認養回家吧?? 
?#新品888免運優惠折扣中
♔ 新品H開頭：https://goo.gl/1t4ef4
♔ 上週G開頭：https://goo.gl/ExaV4w",I-sTyLe公主花園貼文的照片,photo,66,0,1,66
86,206606272737485,卡提諾論壇｜CK101.COM,2017-10-17 03:04:43,2017-10-16 12:50:01,http://bit.ly/2ie8g2b,"貓咪表情好經典
#主人有病要吃藥阿XD",【卡提諾編輯】菲律賓網友本想偷拍貓咪！竟拍下自己深夜超離奇…喵星人當場嚇歪：百萬網友瘋傳(7P+影),link,68,0,2,80
87,120485161393938,我是貓奴隸,2017-10-23 22:22:03,2017-10-23 22:22:00,https://pet.talk.tw/Article.aspx?Article_ID=753,"很多尚未被貓咪收服、不願意花時間愛上貓咪的朋友，有種根深蒂固的錯誤的認知——「貓咪絕對不會聽話！就算牠們懂，牠們也絕不會在乎我們說什麼。」
.
這些錯誤的認知通常發生在已經習慣和狗狗相處的人類，不同於狗狗非常明顯豐富的眉毛和臉部表情，貓咪也有牠們的表達方式。只要你用心了解貓咪語言，你將會發現你其實忽略了很多令人驚奇的貓咪表達方式。原來，貓咪也是如此努力的在和你溝通的呢！",【動物行為專家不藏私】教你和貓咪溝通的6種方式 | 寵物滔客誌 | 墨汁,link,75,9,0,78
88,117386641621199,流浪動物花園協會,2017-10-26 19:11:42,2017-10-26 16:41:09,https://www.facebook.com/doghome/photos/a.129057530454110.19911.117386641621199/1958347050858473/?type=3,"【美麗白虎斑～""曹虎妹 "" 開朗活潑親人親狗，尋找幸福！】

美麗的白虎斑 ""曹虎妹"" 個頭嬌小，是街貓後代，附近的愛心養豬戶從小照顧牠和妹妹長大。本以為生活會這樣一直下去，但沒有家庭庇護的浪兒難免發生意外。

兩姊妹很親人，每天看到愛媽來放飯就高興得喵喵叫，這天牠倆一樣看到她就衝過去，沒想到有輛車高速飆過，妹妹霎時慘死輪下……目睹慘劇的愛媽難過地把倖存的牠交給愛心獸醫照顧，希望牠能脫離流浪生活，在安定安全的環境活下去……。""曹虎妹"" 因此輾轉來到花園尋找幸福。

【阿盛照護觀察】
""曹虎妹"" 天生親人開朗，雖然受到妹妹慘死的驚嚇，但在花園友善的環境下，很快安定下來展現出牠親人撒嬌的特質，日常看到人就喵喵叫依依磨蹭，很希望可以跟人互動。

不但親人，也完全不會怕狗。雖在協會貓屋中生活，難免會有很多不同的狗路過，但牠一次也沒有哈氣，偶爾還會隔著門好奇的聞聞，似乎對狗狗也很感興趣！

很喜歡被撫摸。也可以被抱，但不是很有耐心，抱一抱就想要掙脫去玩。是隻活潑開朗、有好奇心、喜歡探險的漂亮貓妹。

【珮琪照護觀察】
""曹虎妹"" 是一隻超級親人的貓咪，每次看見人靠近就是一陣喵喵叫，示意我趕快過去摸摸牠，摸了就馬上呼嚕嚕，真的是超級小可愛！

吃飯有點小挑食，可能是先前在外流浪時吃過雜食，剛來到協會的牠對乾乾不太賞臉，過了段時間後只好接受乾乾，現在已經很適應了。

好奇心非常旺盛，遇見不認識的貓咪、狗狗都會想要過去仔細嗅聞一番，然後就會跟牠們玩得不亦樂乎。

【飼養須知】 
雖然花園協會已經將貓咪照顧健康，但千萬不要以為不用花太多心思所以來認養喔!

貓咪是一條生命，會餓會痛會病會搗蛋，多屎多尿有時候還會拉肚子，吃喝拉撒樣樣需要關照，有時候還很會給你找麻煩，認養前一定要確定可以接受這樣多樣化的家人喔!!

再提醒一下家貓不適合外出，請注意門窗是否緊密；外出時要小心門戶，不要讓貓跑出去，以免發生意外。

總之，請三思你真的適合養貓嗎？願意花精神照顧牠嗎？ 
當牠有病痛是否承諾會盡力醫療呢?
目前你的人生未來變數多嗎？
這是有十幾年生命的貓咪，你承諾之後能一輩子帶著牠、不離不棄嗎？
當一切的答案都是肯定的，恭喜你，你會得到這世上最好的禮物～「一個最棒、最美麗、靈魂相吸的伴侶」

如果你尚未當兵、規劃要出國深造或打工旅遊...也沒關係，等到人生穩定下來再領養，永遠都有可愛的貓咪狗狗在等家喔！

---

小提醒：
1）送養首重門戶安全，放養或半放養是不被接受的，窗戶防護/隔離(格子網/園藝網妙用)請參考
 https://goo.gl/EfGl9B
2）貓咪因不易感到口渴，年長後容易有泌尿或腎結石的毛病，日常需要多騙水，若是以乾飼料為主，更是需要稍微費心，只要稍稍一點貓罐頭加很多水，就能讓牠們開心的喝下足量的水喔。
3）當貓咪有食慾、活力、排泄的異常，就需要儘快帶貓咪去看醫生。

***
更多精采送養圖文，請點選下列連結觀看：
http://www.cathome.org.tw/phpbb2/i_love_animals_big.php?code=photostickers&id=3495&tmpl=10

欲認養請詳讀內文，並先填文後問卷寄來

認養步驟是： 
1. 義工收到問卷後會儘快回信或回電給你
2. 也可將問卷答案以白紙填寫後，傳真02-23640136 給協會 
(因協會送養的貓狗很多，來訊標題請務必註明：欲認養 ""曹虎妹 "") 
3. 收到問卷後，義工會儘快回信或回電給你，雙方溝通確認後再約看，以免讓您多跑一趟",,photo,79,6,1,88
89,118660601496600,《 OneBoy 》,2017-10-28 23:21:42,2017-10-26 20:00:00,https://www.facebook.com/oneboy.sp/videos/1930878370274805/,"毛孩的福利品
寵物的吃到飽天堂?
一起把毛孩養的肥滋滋吧???
超值飲食組優惠$500/組 
▶▶https://goo.gl/eE5V6B

?自動補給飼料
?水位高度可調整 阿貓阿狗阿兔都能用
?底部防滑墊片 不會隨意被翻倒
?獨立水槽設計 毛孩喝水不會再滴的到處都是
?超大1.25公升飼料儲存量
?超大水瓶容量500ml
飼料飲水兩用自動寵物餵食器
▶▶https://goo.gl/eE5V6B",,video,81,1,3,82
90,116487248386284,請支持流浪貓TNR計劃,2017-10-02 15:46:00,2017-10-02 15:46:00,https://www.facebook.com/SupportTNR/photos/a.117056228329386.11086.116487248386284/1703815412986785/?type=3,"福豹行動敏捷如豹，
所以在安全措施方面，
希望能找到願意全力配合的主人！

相信做對的事，
終有福報，
也希望為福豹找到願意疼愛一生的主人。

106年4月5日接獲桃園愛媽通報，
在高雄美濃老家院子出現一隻毛色特別的豹貓，
委託高雄志工協助誘捕，
發現貓咪頸後有像小籠包一樣大小腫塊，
身上有晶片、卻無登記飼主資訊，
貓咪尚未絕育，
懷疑是繁殖場因病棄養，
聲帶疑被割除、聲音微弱且低啞，
下方牙齒也被磨平，
貓咪揀到時有營養失調、血小板偏低、貧血、脫水症狀，
貓愛滋帶原，且白血球偏高有發炎反應。
身上的腫塊經化驗應為打架造成，
經清創、服用抗生素現已無大礙。

貓咪個性溫和、親人，
愛踏踏，也愛用頭頂人的臉。
喜歡貓、不喜歡狗狗。

非常愛玩、愛亂衝，
希望家庭空間夠大。

年齡：1-2歲間，公貓，已於4月底完成絕育。
貓在台北市

愛滋貓咪飼養方式與一般貓咪無異，
唯品種貓，有較多潛在遺傳疾病，
認養者請配合、詳讀以下條件---

1. 需有經濟基礎者，瞭解豹貓可能擁有的遺傳性病變。

2. 需配合圍網(防墜樓、走失)措施，開放性陽台者需有配合圍網認知。

3. 需配合家訪。

意者請填寫認養問卷-- >>>
http://www.tnrtw.org/listayhouseadp.php?Aid=175

註：成功認養者，致贈豐厚嫁妝。",,photo,81,9,0,91
91,116487248386284,請支持流浪貓TNR計劃,2017-10-17 10:44:43,2017-10-16 18:03:00,https://www.facebook.com/SupportTNR/photos/a.117056228329386.11086.116487248386284/1717499884951671/?type=3,"福豹行動敏捷如豹，
所以在安全措施方面，
希望能找到願意全力配合的主人！

相信做對的事，
終有福報，
也希望為福豹找到願意疼愛一生的主人。

106年4月5日接獲桃園愛媽通報，
在高雄美濃老家院子出現一隻毛色特別的豹貓，
委託高雄志工協助誘捕，
發現貓咪頸後有像小籠包一樣大小腫塊，
身上有晶片、卻無登記飼主資訊，
貓咪尚未絕育，
懷疑是繁殖場因病棄養，
聲帶疑被割除、聲音微弱且低啞，
下方牙齒也被磨平，
貓咪揀到時有營養失調、血小板偏低、貧血、脫水症狀，
貓愛滋帶原，且白血球偏高有發炎反應。
身上的腫塊經化驗應為打架造成，
經清創、服用抗生素現已無大礙。

貓咪個性溫和、親人，
愛踏踏，也愛用頭頂人的臉。
喜歡貓、不喜歡狗狗。

非常愛玩、愛亂衝，
希望家庭空間夠大。

年齡：1-2歲間，公貓，已於4月底完成絕育。
貓在台北市

愛滋貓咪飼養方式與一般貓咪無異，
唯品種貓，有較多潛在遺傳疾病，
認養者請配合、詳讀以下條件---

1. 需有經濟基礎者，瞭解豹貓可能擁有的遺傳性病變。

2. 需配合圍網(防墜樓、走失)措施，開放性陽台者需有配合圍網認知。

3. 需配合家訪。

意者請填寫認養問卷-- >>>
http://www.tnrtw.org/listayhouseadp.php?Aid=175

註：成功認養者，致贈豐厚嫁妝。",,photo,94,15,1,107
92,116487248386284,請支持流浪貓TNR計劃,2017-10-07 13:30:00,2017-10-07 13:30:00,https://www.facebook.com/SupportTNR/photos/a.117056228329386.11086.116487248386284/1708184922549834/?type=3,"福豹行動敏捷如豹，
所以在安全措施方面，
希望能找到願意全力配合的主人！

相信做對的事，
終有福報，
也希望為福豹找到願意疼愛一生的主人。

106年4月5日接獲桃園愛媽通報，
在高雄美濃老家院子出現一隻毛色特別的豹貓，
委託高雄志工協助誘捕，
發現貓咪頸後有像小籠包一樣大小腫塊，
身上有晶片、卻無登記飼主資訊，
貓咪尚未絕育，
懷疑是繁殖場因病棄養，
聲帶疑被割除、聲音微弱且低啞，
下方牙齒也被磨平，
貓咪揀到時有營養失調、血小板偏低、貧血、脫水症狀，
貓愛滋帶原，且白血球偏高有發炎反應。
身上的腫塊經化驗應為打架造成，
經清創、服用抗生素現已無大礙。

貓咪個性溫和、親人，
愛踏踏，也愛用頭頂人的臉。
喜歡貓、不喜歡狗狗。

非常愛玩、愛亂衝，
希望家庭空間夠大。

年齡：1-2歲間，公貓，已於4月底完成絕育。
貓在台北市

愛滋貓咪飼養方式與一般貓咪無異，
唯品種貓，有較多潛在遺傳疾病，
認養者請配合、詳讀以下條件---

1. 需有經濟基礎者，瞭解豹貓可能擁有的遺傳性病變。

2. 需配合圍網(防墜樓、走失)措施，開放性陽台者需有配合圍網認知。

3. 需配合家訪。

意者請填寫認養問卷-- >>>
http://www.tnrtw.org/listayhouseadp.php?Aid=175

註：成功認養者，致贈豐厚嫁妝。",,photo,97,9,0,112
93,116487248386284,請支持流浪貓TNR計劃,2017-10-12 16:28:37,2017-10-12 10:30:00,https://www.facebook.com/SupportTNR/photos/a.117056228329386.11086.116487248386284/1713528038682189/?type=3,"福豹行動敏捷如豹，
所以在安全措施方面，
希望能找到願意全力配合的主人！

相信做對的事，
終有福報，
也希望為福豹找到願意疼愛一生的主人。

106年4月5日接獲桃園愛媽通報，
在高雄美濃老家院子出現一隻毛色特別的豹貓，
委託高雄志工協助誘捕，
發現貓咪頸後有像小籠包一樣大小腫塊，
身上有晶片、卻無登記飼主資訊，
貓咪尚未絕育，
懷疑是繁殖場因病棄養，
聲帶疑被割除、聲音微弱且低啞，
下方牙齒也被磨平，
貓咪揀到時有營養失調、血小板偏低、貧血、脫水症狀，
貓愛滋帶原，且白血球偏高有發炎反應。
身上的腫塊經化驗應為打架造成，
經清創、服用抗生素現已無大礙。

貓咪個性溫和、親人，
愛踏踏，也愛用頭頂人的臉。
喜歡貓、不喜歡狗狗。

非常愛玩、愛亂衝，
希望家庭空間夠大。

年齡：1-2歲間，公貓，已於4月底完成絕育。
貓在台北市

愛滋貓咪飼養方式與一般貓咪無異，
唯品種貓，有較多潛在遺傳疾病，
認養者請配合、詳讀以下條件---

1. 需有經濟基礎者，瞭解豹貓可能擁有的遺傳性病變。

2. 需配合圍網(防墜樓、走失)措施，開放性陽台者需有配合圍網認知。

3. 需配合家訪。

意者請填寫認養問卷-- >>>
http://www.tnrtw.org/listayhouseadp.php?Aid=175

註：成功認養者，致贈豐厚嫁妝。",,photo,106,13,2,124
94,116487248386284,請支持流浪貓TNR計劃,2017-10-18 19:48:01,2017-10-18 19:48:00,https://www.facebook.com/SupportTNR/photos/a.117056228329386.11086.116487248386284/1719474724754187/?type=3,"福豹行動敏捷如豹，
所以在安全措施方面，
希望能找到願意全力配合的主人！

相信做對的事，
終有福報，
也希望為福豹找到願意疼愛一生的主人。

106年4月5日接獲桃園愛媽通報，
在高雄美濃老家院子出現一隻毛色特別的豹貓，
委託高雄志工協助誘捕，
發現貓咪頸後有像小籠包一樣大小腫塊，
身上有晶片、卻無登記飼主資訊，
貓咪尚未絕育，
懷疑是繁殖場因病棄養，
聲帶疑被割除、聲音微弱且低啞，
下方牙齒也被磨平，
貓咪揀到時有營養失調、血小板偏低、貧血、脫水症狀，
貓愛滋帶原，且白血球偏高有發炎反應。
身上的腫塊經化驗應為打架造成，
經清創、服用抗生素現已無大礙。

貓咪個性溫和、親人，
愛踏踏，也愛用頭頂人的臉。
喜歡貓、不喜歡狗狗。

非常愛玩、愛亂衝，
希望家庭空間夠大。

年齡：1-2歲間，公貓，已於4月底完成絕育。
貓在台北市

愛滋貓咪飼養方式與一般貓咪無異，
唯品種貓，有較多潛在遺傳疾病，
認養者請配合、詳讀以下條件---

1. 需有經濟基礎者，瞭解豹貓可能擁有的遺傳性病變。

2. 需配合圍網(防墜樓、走失)措施，開放性陽台者需有配合圍網認知。

3. 需配合家訪。

意者請填寫認養問卷-- >>>
http://www.tnrtw.org/listayhouseadp.php?Aid=175

註：成功認養者，致贈豐厚嫁妝。",,photo,107,18,0,122
95,116487248386284,請支持流浪貓TNR計劃,2017-10-21 21:12:52,2017-10-21 20:03:00,https://www.facebook.com/SupportTNR/photos/a.117056228329386.11086.116487248386284/1723078081060518/?type=3,"福豹行動敏捷如豹，
所以在安全措施方面，
希望能找到願意全力配合的主人！

相信做對的事，
終有福報，
也希望為福豹找到願意疼愛一生的主人。

106年4月5日接獲桃園愛媽通報，
在高雄美濃老家院子出現一隻毛色特別的豹貓，
委託高雄志工協助誘捕，
發現貓咪頸後有像小籠包一樣大小腫塊，
身上有晶片、卻無登記飼主資訊，
貓咪尚未絕育，
懷疑是繁殖場因病棄養，
聲帶疑被割除、聲音微弱且低啞，
下方牙齒也被磨平，
貓咪揀到時有營養失調、血小板偏低、貧血、脫水症狀，
貓愛滋帶原，且白血球偏高有發炎反應。
身上的腫塊經化驗應為打架造成，
經清創、服用抗生素現已無大礙。

貓咪個性溫和、親人，
愛踏踏，也愛用頭頂人的臉。
喜歡貓、不喜歡狗狗。

非常愛玩、愛亂衝，
希望家庭空間夠大。

年齡：1-2歲間，公貓，已於4月底完成絕育。
貓在台北市

愛滋貓咪飼養方式與一般貓咪無異，
唯品種貓，有較多潛在遺傳疾病，
認養者請配合、詳讀以下條件---

1. 需有經濟基礎者，瞭解豹貓可能擁有的遺傳性病變。

2. 需配合圍網(防墜樓、走失)措施，開放性陽台者需有配合圍網認知。

3. 需配合家訪。

意者請填寫認養問卷-- >>>
http://www.tnrtw.org/listayhouseadp.php?Aid=175

註：成功認養者，致贈豐厚嫁妝。",,photo,110,8,2,129
96,116487248386284,請支持流浪貓TNR計劃,2017-10-09 11:46:01,2017-10-09 11:46:01,https://www.facebook.com/SupportTNR/photos/a.117056228329386.11086.116487248386284/1710026362365690/?type=3,"福豹行動敏捷如豹，
所以在安全措施方面，
希望能找到願意全力配合的主人！

相信做對的事，
終有福報，
也希望為福豹找到願意疼愛一生的主人。

106年4月5日接獲桃園愛媽通報，
在高雄美濃老家院子出現一隻毛色特別的豹貓，
委託高雄志工協助誘捕，
發現貓咪頸後有像小籠包一樣大小腫塊，
身上有晶片、卻無登記飼主資訊，
貓咪尚未絕育，
懷疑是繁殖場因病棄養，
聲帶疑被割除、聲音微弱且低啞，
下方牙齒也被磨平，
貓咪揀到時有營養失調、血小板偏低、貧血、脫水症狀，
貓愛滋帶原，且白血球偏高有發炎反應。
身上的腫塊經化驗應為打架造成，
經清創、服用抗生素現已無大礙。

貓咪個性溫和、親人，
愛踏踏，也愛用頭頂人的臉。
喜歡貓、不喜歡狗狗。

非常愛玩、愛亂衝，
希望家庭空間夠大。

年齡：1-2歲間，公貓，已於4月底完成絕育。
貓在台北市

愛滋貓咪飼養方式與一般貓咪無異，
唯品種貓，有較多潛在遺傳疾病，
認養者請配合、詳讀以下條件---

1. 需有經濟基礎者，瞭解豹貓可能擁有的遺傳性病變。

2. 需配合圍網(防墜樓、走失)措施，開放性陽台者需有配合圍網認知。

3. 需配合家訪。

意者請填寫認養問卷-- >>>
http://www.tnrtw.org/listayhouseadp.php?Aid=175

註：成功認養者，致贈豐厚嫁妝。",,photo,111,6,0,123
97,205336166181073,臺灣銀行粉獅團,2017-10-01 21:00:02,2017-10-01 21:00:02,https://www.facebook.com/openfire.tw/videos/367503640329945/,"貓罐頭 V.S 貓壽司 
猜猜看貓咪喜歡主人準備的哪一個種呢?

覺得厲害請按❤️!",開伙,video,117,0,0,140
98,120485161393938,我是貓奴隸,2017-10-20 13:23:30,2017-10-19 12:16:00,https://pet.talk.tw/Article.aspx?Article_ID=752,"現在還有不少飼主還會讓自家的貓咪或狗狗生小孩，但最新修正的特定寵物業管理辦法公布後，沒有申請就自行繁殖是違法的喲！

#不管有沒有販賣都一樣
#不管有沒有販賣都一樣
#不管有沒有販賣都一樣",【最新特定寵物業管理辦法】飼主/業者要注意的重點看這裡 | 寵物滔客誌 | Q小蓉,link,124,15,3,138
99,678859015486572,男孩女孩Writings,2017-10-18 19:24:22,2017-10-18 18:00:00,http://zy.joylah.com/w/XEo73vCZ.html,19個「主人從來沒有想過要去尋找」的超奇葩貓咪藏身之處！,每日貼文推薦,link,124,0,1,133
100,120485161393938,我是貓奴隸,2017-10-29 15:33:27,2017-10-27 12:10:51,https://pet.talk.tw/Article.aspx?Article_ID=755,"大家知道，風靡全球貓咪扭蛋又出新款了?
這次為了應景而出的萬聖節造型，可是讓許多貓奴心癢癢?? 
趕快轉一個，增加毛孩造型吧❤️

【寵物滔客】提醒您：不是每隻貓咪都喜歡戴帽子，請飼主尊重貓咪喜好，並且一定要在主人視線範圍內再使用，避免發生危險哦！",身為貓奴絕不可不知道的貓頭套轉蛋！ | 寵物滔客誌 | Cordelia Lin,link,139,12,26,172
101,120011791345977,展覽好康情報站,2017-10-03 22:37:10,2017-10-03 21:30:00,https://www.facebook.com/EBCbuzz/videos/774569896083412/,"誰都不准吵我睡覺!!

好療癒的貓!
台北國際寵物用品博覽會
幫你家毛小孩搶好康 不要錯過囉
免費索票 https://goo.gl/x1izqN
貓咪用品週週抽  https://goo.gl/TVYvYj
狗狗用品週週抽 https://goo.gl/m5JTcx
萬元好禮雙重抽 https://goo.gl/z9Peoh",噪咖,video,141,0,3,199
102,352762544761783,動物愛很大[Love Animals],2017-10-23 18:15:52,2017-10-21 20:20:00,https://www.facebook.com/loveyoubig/videos/1572395519465140/,"貪睡的貓咪.w.
#聽說手麻痹太久會....
#截肢

75劇場

想要一起曬貓曬狗曬寶貝嗎！
快一起加入「毛孩們的產地」社團：https://goo.gl/cvRNB8
加入Line按這裡:https://goo.gl/TBJbU9",你有愛睡覺的女友嗎？快伸出你的手臂讓她靠吧！,video,142,24,8,167
103,591538510858802,可愛動物讚一個,2017-10-07 19:47:06,2017-10-06 21:12:46,http://petinfo.tw/4293/?from=instant_article,"河豚：好生氣！
貓：我也好生氣！
河豚建議：那我們一起氣鼓起來吧！
主人：把河豚放在你的頭上，你感動嗎？
​貓咪：不敢動...不敢動...頭上有毒啊！",主人把小河豚放在貓咪頭上，貓咪不情願地嘟著嘴，頭上的小河豚也很有戲！表情太萌了！,link,142,11,2,191
104,352762544761783,動物愛很大[Love Animals],2017-10-15 06:00:02,2017-10-15 06:00:01,https://ipetgroup.com/Article/15633,"牠不喜歡其他貓咪，但是很喜歡牠的小豬豬

更多動寵物資訊盡在「就是愛寵物」Line生活圈：
➤https://goo.gl/6Tr0hb",11歲老貓遺棄後到達收容所，對「粉紅佩佩豬毛毯」情有獨鍾，始終堅持要在一起,link,144,0,0,158
105,116487248386284,請支持流浪貓TNR計劃,2017-10-13 18:06:00,2017-10-13 18:06:00,https://www.facebook.com/SupportTNR/photos/a.117056228329386.11086.116487248386284/1714300838604909/?type=3,"福豹行動敏捷如豹，
所以在安全措施方面，
希望能找到願意全力配合的主人！

相信做對的事，
終有福報，
也希望為福豹找到願意疼愛一生的主人。

106年4月5日接獲桃園愛媽通報，
在高雄美濃老家院子出現一隻毛色特別的豹貓，
委託高雄志工協助誘捕，
發現貓咪頸後有像小籠包一樣大小腫塊，
身上有晶片、卻無登記飼主資訊，
貓咪尚未絕育，
懷疑是繁殖場因病棄養，
聲帶疑被割除、聲音微弱且低啞，
下方牙齒也被磨平，
貓咪揀到時有營養失調、血小板偏低、貧血、脫水症狀，
貓愛滋帶原，且白血球偏高有發炎反應。
身上的腫塊經化驗應為打架造成，
經清創、服用抗生素現已無大礙。

貓咪個性溫和、親人，
愛踏踏，也愛用頭頂人的臉。
喜歡貓、不喜歡狗狗。

非常愛玩、愛亂衝，
希望家庭空間夠大。

年齡：1-2歲間，公貓，已於4月底完成絕育。
貓在台北市

愛滋貓咪飼養方式與一般貓咪無異，
唯品種貓，有較多潛在遺傳疾病，
認養者請配合、詳讀以下條件---

1. 需有經濟基礎者，瞭解豹貓可能擁有的遺傳性病變。

2. 需配合圍網(防墜樓、走失)措施，開放性陽台者需有配合圍網認知。

3. 需配合家訪。

意者請填寫認養問卷-- >>>
http://www.tnrtw.org/listayhouseadp.php?Aid=175

註：成功認養者，致贈豐厚嫁妝。",,photo,144,15,0,167
106,117386641621199,流浪動物花園協會,2017-10-16 20:49:17,2017-10-16 17:31:58,https://www.facebook.com/doghome/photos/a.129057530454110.19911.117386641621199/1947342295292282/?type=3,"【正向樂天、皮毛亮麗、親人親狗親貓的 ""墨ㄚ頭"" 超讚推薦！】

吃飯完全不會挑食!!! 天真爛漫的牠或許也想把「挑食」給吃掉吧，哈哈。""墨ㄚ頭"" 就是這樣一隻正向樂天的狗，皮毛亮麗、親人親狗親貓，完全無法想像牠剛來協會時因為皮膚病一副淒慘樣！小丫頭女大十八變，有心人快來訂下娶回家！

【魏琦照護觀察】
現在看 ""墨ㄚ頭"" 就是一隻毛髮健康亮麗的米克斯美少女，個性非常活潑又頑皮。完全看不出來牠剛到協會時，曾因為皮膚的問題要被另外隔離！

非常親人親狗，面對工作人員時完全不會有膽怯的感覺，不會像有些較膽小的幼幼，會縮躲到角落。牠看到人就是非常開心的搖尾巴，一臉燦爛笑容的湊過來。

日常非常喜歡和其他狗伴打打鬧鬧，幾隻米克斯在地上滾來滾去，一下追到這，一下跑到那，不玩到電力耗盡不會停止。不過這也就是健康狗狗的特性，萬一總是乖巧縮在一旁，不是個性緊迫，應該就是生病了＠＠

""墨ㄚ頭"" 跟貓咪也算是可以相處。第一次見到貓咪，牠一臉「這什麼東西」的表情，但並不會害怕或對貓咪兇。對於那些會主動靠近狗的貓咪也是進退有度，會繞著嗅聞一下，不會情緒太激動。也很識相的不會主動靠近對牠愛理不理或哈氣的貓咪。

飲食對 ""墨ㄚ頭"" 來說完全不是個問題，非常的愛吃，每次吃飯時間一到，飼料放下去都是秒殺。喝水的情況也都正常。

半歲狗狗就是青春年少有體力，建議認養人帶牠回家後，每天早晚要散步，日常也要給玩具轉移牠的注意力，這樣就可以讓牠發洩滿滿的精力，變成一隻很乖的狗。

【珮琪照護觀察】
""墨ㄚ頭"" 剛協會時並不是我照顧的，有天偶然代班到隔離區才真正了解這小孩。牠當時皮膚頗糟，明明長得非常可愛，卻因為一身疥癬讓皮毛看起來斑斑駁駁很淒慘......好在疥癬已經治好，皮毛變得烏黑亮麗，還會反光閃瞎人眼睛呢XDD

每天看見義工時就是超開心的！抱起牠時更是樂不可支，尾巴搖的力道帶動屁股一起扭動，所以呈現的畫面就是有一隻大蟒蛇在義工身上扭來扭去哈哈哈~但是過了大概兩三分鐘，牠嗨夠後會自己停下來，然後就開始瘋狂的為義工洗臉XD

吃飯完全不會挑食喔!!! 天真爛漫的牠或許也想把「挑食」給吃掉吧，哈哈。

這小孩也很愛喝水，不過有一點還蠻有趣的，在關籠隔離治療皮膚期間，牠只要覺得牠水喝夠了，就會把水打翻，真是讓人好氣又好笑的。建議未來主人要注意牠有沒有打翻水、弄到整天沒水喝喔！

與同伴相處大致上都不錯~不過有時若其他狗狗真的太煩了，牠可是會不甘示弱的兇回去。對於大哥哥大姊姊們牠絕對很識相的不去招惹，非常「敬老尊賢」！

***
＃更多精采送養圖文請點選下列連結觀看
http://www.cathome.org.tw/phpbb2/i_love_animals_big.php?code=photostickers&id=3484&tmpl=10
欲認養請詳讀內文，並先填文後問卷寄來

認養步驟是： 
1. 義工收到問卷後會儘快回信或回電給你
2. 也可將問卷答案以白紙填寫後，傳真02-23640136 給協會 
(因協會送養的貓狗很多，來訊標題請務必註明：欲認養 ""墨ㄚ頭"")
3. 收到問卷後，義工會儘快回信或回電給你，雙方溝通確認後再約看，以免讓您多跑一趟",,photo,154,20,2,168
107,195769958936,JUKSY 街星,2017-10-19 16:36:01,2017-10-19 16:36:00,http://www.juksy.com/archives/71915,"這隻內褲賊貓咪，品味居然還不錯！（#N編）

#貓咪 #寵物 #爆笑 #萌 #話題
傳送門→www.juksy.com/archives/71915",「你家的內褲被偷走了嗎？」　可愛又可惡的兇手畫面讓網友一秒笑噴！,link,156,1,0,175
108,203910729658187,vivianbabe(愛美麗的小喵喵),2017-10-24 00:34:24,2017-10-22 22:49:51,https://www.facebook.com/lovevivianbabe/photos/a.606666262715963.1073741848.203910729658187/1453319671383947/?type=3,"賈森常常抱怨
我有了puff兒
就忘了Tiffany&張gucci ?

謝謝我的一對貓兒女❤️
陪伴puff成長～
希望你們可以一直一直陪著她長大

#因為我愛貓才叫喵喵
#呼籲大家有孩子毛孩一樣可以養
#寵物陪伴孩子成長也很棒
#puff說我愛家裡的貓貓",,photo,162,0,3,173
109,295855559809,卡卡洛普★宅宅新聞,2017-10-23 13:40:51,2017-10-23 12:30:00,https://news.gamme.com.tw/1527384,"（#小狄）看完兩隻貓的照片之後，覺得主人真的不是故意的XDDDD

#貓 #貓咪綁架事件 #或是貓咪詐欺事件",《綁架鄰居貓咪還灌人家藥？！》＂綁匪＂表示我真的不是故意的......,link,172,8,2,224
110,195769958936,JUKSY 街星,2017-10-23 21:23:24,2017-10-22 00:36:00,https://www.juksy.com/archives/72004,"怎麼辦有點想買...(#minmin編）

#毛孩 #貓咪 #發明 #抱枕 #療癒 #話題
傳送門→www.juksy.com/archives/72004",想養喵喵的看過來！超療癒喵屁屁抱枕 被摸摸還會開心的「搖尾巴」,link,183,11,30,203
111,1510698909207091,風生活,2017-10-06 20:07:50,2017-10-03 11:50:00,https://www.facebook.com/SMediaLife/videos/1986407161636261/,"貓皇也能吃  簡單毛孩月餅在家輕鬆做
#玉樹臨風：看起來好好吃喔!!
瞭解更多： 好味小姐 Lady Flavor http://bit.ly/2ykUSQI
#貓咪 #中秋",貓皇也能吃  簡單毛孩月餅在家輕鬆做,video,193,81,24,206
112,117386641621199,流浪動物花園協會,2017-10-17 05:48:46,2017-10-16 17:10:17,https://www.facebook.com/doghome/photos/a.129057530454110.19911.117386641621199/1947329435293568/?type=3,"【個性和善、健康強壯、惜福認份的～""阿姄"" 等待真命天子！】

""阿姄"" 是一歲半的狗兒，主人養牠時還是隻小可愛幼幼，飼養超過一年，搬入新家，管委會突然來通知該社區禁止養狗……無論這算不算是個棄養的好理由，""阿姄"" 終究因此失去了牠從小信靠的家庭。

但 ""阿姄"" 很優秀，現在的牠個性和善、健康強壯，皮毛亮晶晶。看牠吃飯你會很感動，少有狗這樣細嚼慢嚥，不挑食，不護食，卻很珍惜眼前的食物。

看到陌生人有些許害羞，搖尾巴低頭看人，期待也怕受傷害。但一遇見熟人，立時變成愛撒嬌的小女生，拼命往人懷裡鑽，要你摸牠要你愛牠，當你手停下來還會用頭頂你的手，示意「再摸再摸」，直到牠確認你真的沒空理牠，才會走到旁邊臥下，真是非常認份乖巧的好狗狗！

【阿盛照護觀察】
""阿姄"" 超級喜歡被摸屁股，通常這行為比較常出現在年紀大一些的狗兒身上，才一歲半的 ""阿姄"" 居然也超愛！每一次蹲下摸牠或輕拍牠的屁股，牠就會像隻貓一樣，整個身體貼近你一直磨蹭，非常可愛！

""阿姄"" 很乖，不挑食。剛到新環境可能會因緊張不吃飯，但兩三天過去以後就會穩定進食！不挑食，也不貪吃、不護食，真是超優秀的！絕不會因為你餐桌上有食物就拼命巴著你不放，或者是直接跳上桌上大啖食物。

散步時會有些微緊張，但熟悉環境以後，相信牠也會尾巴翹高高的昂首闊步！

對我而言，""阿姄"" 就是一隻接近滿分的狗兒！

家很小而牠體型稍微大一些？那不是問題！多帶牠去散步即可！體型大的狗很難控制？那不是問題！語氣嚴肅說聲：「不行！」牠就乖乖冷靜下來！你在工作時 ""阿姄"" 一直吵你？一樣說「不行！」，牠就會乖乖回頭趴下。""阿姄"" 真的是很受教的狗兒！

很希望牠能夠找到一個善良的家庭，愛牠，護牠，教育牠。

【珮琪照護觀察】
""阿姄"" 來到協會第一天，我蹲下想要對牠示好並慢慢靠近牠，牠卻往後退了幾步，也不想勉強牠，我就故意待在牠身邊做自己的事，假裝無視牠，牠就開始慢慢的靠近我、對我充滿好奇心XD。過了幾天剛好我代班到照顧牠的區塊，再度主動過去靠近牠，發現牠變得好活潑好撒嬌，本性一展無遺，還一直想找我邀玩。若我蹲下還會鑽到我懷裡，真是太可愛了！

剛換環境每隻狗狗的表現都不太一樣，而牠就是略微怕生慢熟型的，只要給牠一些些時間，牠就會將愛人的心展現出來。

與狗狗相處都很融洽，基本上牠不太會挑釁其牠狗狗，同伴找牠玩耍也很開心的一起衝來衝去、一起翻滾XD

因為牠的區域剛好在廚房看得到的空地，每當我在洗碗時，總會有顆狗頭在那晃呀晃的，就是牠看見人站起來想撒嬌啦，這時隔窗把手伸給牠時，還會開始舔呀舔的，真是可愛。有次剛好有空可以陪牠玩，手上沒有零食的我對牠說出「坐下、握手、換手」的指令牠竟然都照做，只要稱讚牠就滿足了，這麼乖巧懂事的小朋友，真是一狗難求啊！

***
更多精采送養圖文，請點選下列連結觀看：
http://www.cathome.org.tw/phpbb2/i_love_animals_big.php?code=photostickers&id=3483&tmpl=10

欲認養請詳讀內文，並先填文後問卷寄來

認養步驟是： 
1. 義工收到問卷後會儘快回信或回電給你
2. 也可將問卷答案以白紙填寫後，傳真02-23640136 給協會 
(因協會送養的貓狗很多，來訊標題請務必註明：欲認養 ""阿姄"")
3. 收到問卷後，義工會儘快回信或回電給你，雙方溝通確認後再約看，以免讓您多跑一趟",,photo,195,23,5,220
113,246032849856,寵物資訊粉絲團 Pet info,2017-10-26 00:42:31,2017-10-25 09:00:01,http://ipetgroup.com/Article/5083,"這隻貓咪有夠霸氣的啊！遛主人嘞

更多動寵物資訊盡在「就是愛寵物」Line生活圈：
➤https://goo.gl/6Tr0hb",真的是在遛貓嗎？這隻貓咪一出門就化身霸氣藏獒！到底是你被遛還是你在遛主人啊？XD,link,196,4,1,236
114,214646568602122,Yahoo!奇摩名人娛樂,2017-10-02 21:49:18,2017-10-01 10:37:23,https://www.facebook.com/YahooTW.OMG/videos/1560833913973822/,"哇～原來三芝有這麼多寵物友善餐廳和民宿耶
終於可以帶著毛孩子一起旅行，吃美食、看海景、沙灘踏浪啦

✔看影片幫助更多毛孩子➡Richart x 巴克動物救援協會，救援浪浪們
＃貓咪好多小編已融化 ＃台新銀行 ＃巴克動物救援協會 ＃救援浪浪 
邵庭 熊爸訓練師王昱智 犬類行為專家 ＃五熊的家 ＃三芝 ＃OO帶你玩XX",邵庭熊爸帶你玩三芝,video,202,27,11,212
115,120485161393938,我是貓奴隸,2017-10-24 00:27:57,2017-10-22 14:32:00,https://pet.talk.tw/Article.aspx?Article_ID=753,"《貓咪訓練／貓咪溝通》很多尚未被貓咪收服、不願意花時間愛上貓咪的朋友，有種根深蒂固的錯誤的認知——「貓咪絕對不會聽話！就算牠們懂，牠們也絕不會在乎我們說什麼。」
.
這些錯誤的認知通常發生在已經習慣和狗狗相處的人類，不同於狗狗非常明顯豐富的眉毛和臉部表情，貓咪也有牠們的表達方式。只要你用心了解貓咪語言，你將會發現你其實忽略了很多令人驚奇的貓咪表達方式。原來，貓咪也是如此努力的在和你溝通的呢！",【動物行為專家不藏私】教你和貓咪溝通的6種方式 | 寵物滔客誌 | 墨汁,link,218,30,11,239
116,212109128925538,Yahoo TV 一起看,2017-10-22 17:30:00,2017-10-22 17:30:00,https://www.facebook.com/YahooTV.tw/videos/10154666883496371/,"「腳腳受傷的貓咪受困車底 被警察拯救出來重獲新生」

呼～好險有發現它卡在車底下 真是太好了！  

(影片來源：Sonoma Sheriff)

#貓咪 #救難 #拯救 #可愛 #動物 #可憐 #愛心",Cat rescued from beneath car in aftermath of Sonoma County fir...,video,241,7,0,278
117,647353645275969,鍵盤大檸檬,2017-10-19 08:20:35,2017-10-18 15:20:00,https://www.ettoday.net/dalemon/post/30778?from=fb_lemon,"天呀～怎麼那麼呆呀！我要被萌死啦～～～（英國捲毛貓）

※土撥鼠其實不適合作為家寵飼養，所以就算可愛，還是看看影片就好，別剝奪了牠們的自由呀。",土撥鼠愛搔肚，主人停手秒呆愣：怎麼不摸了？ | 鍵盤大檸檬 | ETNEWS新聞雲,link,252,17,5,299
118,114408138623539,PanSci 科學新聞網,2017-10-20 17:29:30,2017-10-19 21:30:00,http://pansci.asia/archives/50922,"如果有一天，忽然有個人出現，宣稱你養了很久的寵物小白是他之前走失的寵物小黑，這時候該怎麼辦？如果小白／小黑是一隻狗，或許我們可以為牠辦一場認親大會，讓他找到自己的主人。但如果小白／小黑是隻貓......糟了，貓咪會認得主人嗎？
　
大部分人都認為，貓咪沒辦法訓練成跟狗狗一樣，對主人的命令有反應。但其實這是連貓奴們都很容易誤解的迷思之一喔！來看看我們對喵星人還有什麼常見的刻板印象呢？
　
ps. 以上故事純屬虛構，如有雷同，那就是跟下面這則新聞雷同（喂）：https://goo.gl/U9wSah
　
#溫故知新 #一隻可以同時被叫做小白跟小黑的寵物應該長什麼樣子呢
　
延伸閱讀：
科學大爆炸 2-EP.35 升級吧貓奴！高級貓奴的五堂科學課
http://pansci.asia/archives/video/123527
為什麼貓咪愛紙箱？
http://pansci.asia/archives/75579
(K.)",貓奴的7大迷思 - PanSci 泛科學,link,275,36,7,310
119,352762544761783,動物愛很大[Love Animals],2017-10-26 15:00:13,2017-10-25 13:00:02,http://ipetgroup.com/Article/5083,"這隻貓咪有夠霸氣的啊！遛主人嘞

更多動寵物資訊盡在「就是愛寵物」Line生活圈：
➤https://goo.gl/6Tr0hb",真的是在遛貓嗎？這隻貓咪一出門就化身霸氣藏獒！到底是你被遛還是你在遛主人啊？XD,link,327,5,8,371
120,117386641621199,流浪動物花園協會,2017-10-07 22:35:23,2017-10-06 00:09:01,https://www.facebook.com/doghome/photos/a.405111836182010.114749.117386641621199/1935837943109384/?type=3,"10/7.8.9.10花園在花博爭艷館的寵物生活用品展送養與義賣的攤位喔!!歡迎大家來支持義賣商品跟認養狗狗貓貓^^
也歡迎分享活動訊息~讓更多的狗狗貓貓有機會回家唷!!!",流浪動物花園協會的封面相片,photo,337,62,5,348
121,116487248386284,請支持流浪貓TNR計劃,2017-10-02 19:36:32,2017-10-01 22:18:02,https://www.facebook.com/SupportTNR/photos/a.117056228329386.11086.116487248386284/1702734059761587/?type=3,"福豹行動敏捷如豹，
所以在安全措施方面，
希望能找到願意全力配合的主人！

相信做對的事，
終有福報，
也希望為福豹找到願意疼愛一生的主人。

106年4月5日接獲桃園愛媽通報，
在高雄美濃老家院子出現一隻毛色特別的豹貓，
委託高雄志工協助誘捕，
發現貓咪頸後有像小籠包一樣大小腫塊，
身上有晶片、卻無登記飼主資訊，
貓咪尚未絕育，
懷疑是繁殖場因病棄養，
聲帶疑被割除、聲音微弱且低啞，
下方牙齒也被磨平，
貓咪揀到時有營養失調、血小板偏低、貧血、脫水症狀，
貓愛滋帶原，且白血球偏高有發炎反應。
身上的腫塊經化驗應為打架造成，
經清創、服用抗生素現已無大礙。

貓咪個性溫和、親人，
愛踏踏，也愛用頭頂人的臉。
喜歡貓、不喜歡狗狗。

非常愛玩、愛亂衝，
希望家庭空間夠大。

年齡：1-2歲間，公貓，已於4月底完成絕育。
貓在台北市

愛滋貓咪飼養方式與一般貓咪無異，
唯品種貓，有較多潛在遺傳疾病，
認養者請配合、詳讀以下條件---

1. 需有經濟基礎者，瞭解豹貓可能擁有的遺傳性病變。

2. 需配合圍網(防墜樓、走失)措施，開放性陽台者需有配合圍網認知。

3. 需配合家訪。

意者請填寫認養問卷-- >>>
http://www.tnrtw.org/listayhouseadp.php?Aid=175

註：成功認養者，致贈豐厚嫁妝。",,photo,370,30,17,462
122,160915837329440,ETNEWS寵物雲,2017-10-11 13:22:37,2017-10-07 19:00:00,https://pets.ettoday.net/news/1027132?from=fb_et_pets,"還好高鐵及時煞住了... (#藍傘菇)

※小提醒：帶毛孩出門最好使用外出籠，並用膠帶綑綁籠子，避免貓咪驚嚇暴衝發生意外喔
你家有??????？快一起加入有點毛毛的社團：https://goo.gl/W8wFb6",高鐵剩1分鐘進站！貓咪「連籠」落軌　站務員嚇壞搶救 | ETNEWS寵物雲 | ETNEWS新聞雲,link,382,9,5,571
123,160915837329440,ETNEWS寵物雲,2017-10-10 13:20:22,2017-10-06 14:30:00,https://pets.ettoday.net/news/1025491?from=fb_et_pets,"吳剛好呆萌，玉兔好媚唷哈哈哈哈哈哈（乖寶貝）

※貼心小提醒：中秋節幫毛孩戴「柚子帽」應景，非常逗趣且可愛，但其實柚子、橘子和檸檬等味道會讓貓咪、狗狗不舒服，所以要多多注意喔。

你家有??????？快一起加入有點毛毛的社團：https://goo.gl/W8wFb6",月宮三仙在此！汪星人戴柚皮帽變身　網笑：要奔月了嘛 | ETNEWS寵物雲 | ETNEWS新聞雲,link,583,20,3,737
124,147753419266,86小舖，最愛美妝保養,2017-10-13 00:55:58,2017-10-08 09:55:00,https://www.facebook.com/beautyexchange.hk/videos/10155651289089720/,"：你再這樣 偶要報警囉?
這表情太浮誇啦~~?

#貓咪 #主人 #猛親 #表情 #誇張
(BY@BeautyExchange.com.hk)",BeautyExchange.com.hk,video,631,0,180,1084
125,157300877661791,udn買東西,2017-10-12 17:13:19,2017-10-08 11:13:00,https://www.facebook.com/failarmy/videos/1463922747038216/,"這些喵星人真的是讓我笑到要並軌！??
養毛孩雖然辛苦了點～但也得到很多喜悅呀4不4?

日本CIAO貓咪零食特賣☛ http://bit.ly/2fZtCQb",FailArmy,video,640,0,39,923
126,1747463638839261,全家FamiPort,2017-10-07 10:47:57,2017-10-02 21:00:00,https://www.facebook.com/FamiPortTW/photos/a.1752378551681103.1073741828.1747463638839261/1916889615229995/?type=3,"你是狗派?還是貓派?？  
不管你是哪一派  
毛孩子都是最愛?  
快快來買福袋?  
寵愛你家毛孩！
? https://goo.gl/WkRvSM  
? FamiPort購買路徑：票券→展演娛樂→展覽會/演唱會→2017台北寵物節  
 
只要299，幸福長久久  
2017 台北寵物節寶貝愛麻吉  
超值限量福袋?  
知名品牌❌優質商品  
?維克-新強效植物性潔齒嚼片*1  
?柴犬Nana和阿楞的一天野餐墊 *1  
?唯美味-貓咪罐頭85g*1  
?噗噗抓旅行包*1  
?憑此提貨票券可免費入場「台北寵物生活用品展」??  
 
?銷售時間：2017/09/20~2017/10/06 
?領取時間：2017/10/07~2017/10/10 10:00~18:00  
 
#全家FamiPort  
#全家小功能  
#全家愛毛孩  
#來點不一樣  
#2017台北寵物",,photo,775,4,6,778
127,109249609124014,Yahoo!奇摩新聞,2017-10-07 09:02:43,2017-10-01 20:09:00,https://www.facebook.com/YahooTWNews/videos/1560837107306836/,"哇～原來三芝有這麼多寵物友善餐廳和民宿耶
終於可以帶著毛孩子一起旅行，吃美食、看海景、沙灘踏浪啦

✔看影片幫助更多毛孩子➡Richart x 巴克動物救援協會
＃貓咪好多小編已融化 ＃旅行 ＃台新銀行 ＃巴克動物救援協會 ＃救援浪浪 
邵庭 熊爸訓練師王昱智 犬類行為專家 ＃五熊的家 ＃三芝 ＃OO帶你玩XX",邵庭熊爸帶你玩三芝,video,830,101,56,886
128,246032849856,寵物資訊粉絲團 Pet info,2017-10-09 09:28:45,2017-10-05 12:30:00,https://ipetgroup.com/Article/15485,"「狗狗很白目耶」、狗友：「你才白目！你全家都白目！」
「貓咪很白目耶」、貓奴：「真的。」",人類跟狗族談判會感動到哭...如果跟「貓族」談判呢？最後一張真的太中肯了！！,link,841,77,32,1254
129,189979853379,Mobile01,2017-10-16 02:05:53,2017-10-13 11:19:22,https://www.facebook.com/TheMobile01/videos/10203767812912828/,有沒有人也覺得目前大多數寵物用品都印上很難（ㄔㄡˇ）搭配的廉價印花，IKEA最新推出專為毛孩們設計的專屬家具 #LURVIG系列，滿足毛孩們居家生活的需求也減少對原有家具的破壞。重點是設計非常的北歐風，簡單好看又好搭，再也不用想辦法把寵物用品藏起來了！詳細內容??http://bit.ly/2hEtvpZ　IKEA 宜家家居粉絲團 #貓奴們快看,,video,1232,115,80,1344
130,124616330906800,東森新聞,2017-10-22 21:07:24,2017-10-20 20:50:01,https://www.facebook.com/news.ebc/videos/1780037525364664/,"鸚鵡調皮打翻水 心虛求原諒
#貓貓編：就原諒牠吧XD

影片授權：Twitter @CT9AKAKIMOTO
#鸚鵡 #寵物 #可愛",鸚鵡調皮打翻水 心虛求原諒,video,1405,178,113,1881
131,147753419266,86小舖，最愛美妝保養,2017-10-29 20:32:00,2017-10-29 09:55:01,https://www.facebook.com/GeeVIDEO/videos/928016404030460/,"現在日本連寵物都這麼有素養就對了?
太可愛的喵咪嚕?

#日本 #貓咪 #戴餐巾 #可愛
(BY@即新聞)",即新聞,video,1431,0,60,1686
132,160915837329440,ETNEWS寵物雲,2017-10-19 14:12:42,2017-10-18 16:00:00,https://pets.ettoday.net/news/1033248?from=fb_et_pets,"咦？我不是貓嗎？主人你都幫我取名喵喵了...??（乖寶貝）

???? 你家也有毛毛戲精嗎？快來出賣你的寵物表情包： https://events.ettoday.net/activity/Emoji",嘴邊肉超癢的！伯恩山黏桌腳磨蹭　媽媽嚴重懷疑牠偷學貓 | ETNEWS寵物雲 | ETNEWS新聞雲,link,1500,21,8,1824
133,147753419266,86小舖，最愛美妝保養,2017-10-19 11:41:33,2017-10-16 12:55:00,https://www.facebook.com/GeeVIDEO/videos/919967114835389/,"這個屁股好想給牠捏下去?
Tag朋友來救牠阿?

#貓咪 #卡住 #可愛 #屁股 #扭動
(BY@即新聞)",即新聞,video,1543,0,252,2298
134,676953609000658,黃阿瑪的後宮生活,2017-10-13 19:38:57,2017-10-10 10:30:00,https://www.facebook.com/fumeancats/photos/a.676962775666408.1073741826.676953609000658/1872063916156282/?type=3,"《貓咪送養 在宜蘭
姓名:起司 麻糬 鮪魚
性別:2公 1母
年齡:1個多月 不到2個月
個性:活潑 愛玩有 但也很温馴 乖巧(有點膽小) 熟悉後會親人與主人互動 愛撒嬌 會討摸 喜歡按摩 會呼嚕 
結紮:未結紮
健康狀況:全身健康檢查/三合一第1劑/狂犬病疫苗/已植入晶片 無愛滋 白血  
9月初左右在寵物店領養3隻同胎貓咪 飼主帶回後 除了讓牠們慢慢適應環境外 也慢慢讓牠們熟悉主人 和主人互動 會躺在主人身邊跟主人睡覺 
會聽懂一點指令 吃飼料 會使用貓砂(牠們很愛乾淨)
孩子因為有過敏體質 不適合在家養寵物 與家人的討論 商量後 決定再幫牠們找一個好的歸宿 
認養條件要求:
1.限宜蘭縣
2.年滿20歲 有穩定工作和經濟能力
3.回傳一張家庭環境照 
4同意送養人追蹤 不定時回傳相片及聯絡
5.有養貓經驗者更佳 不排斥新手 但請一定要做足功課
6.有正確養貓觀念與知識
7.有愛心 細心 耐心
8.不關籠 不放養
9.定期打預防針 要結紮
10.要做好家庭防護措施
11.經過家人同意認養 確定後 需要身分證影印 簽定認養同意書
誠者約看貓 親自與貓互動  
無誠勿擾 
有任何問題 歡迎私訊
愛牠 請不要遺棄牠
請用領養代替購買
聯絡方式
FB:林若若 facebook.com/your.username",,photo,1588,77,24,1731
135,246032849856,寵物資訊粉絲團 Pet info,2017-10-17 17:12:26,2017-10-16 19:00:00,https://ipetgroup.com/Article/15773,"什麼都可以放棄，只有貓咪不行！
有這樣的主人...小黑貓真的好幸福！",他果斷辭掉工作、賣掉房子...只放不下「牠」！暖心男子決定載著一隻小黑貓，一起環遊澳洲！,link,1766,54,8,2007
136,676953609000658,黃阿瑪的後宮生活,2017-10-22 09:58:49,2017-10-21 15:30:00,https://www.facebook.com/fumeancats/photos/a.676962775666408.1073741826.676953609000658/1885010698194937/?type=3,"#貓咪領養 #桃園 #新竹 #雙北 

希望大家把愛傳出去！個人中途不收捐款能力有限
麻煩大家幫幫忙轉出去

《好多幼貓送養 在桃園 》
姓名：暫無
性別：黑-男生 三花-女生（已送出另外兩隻囉）
年齡：7/14拾獲,推測為當時14~21天大
結紮：未達適齡尚未結紮
健康狀況：已打第二劑預防針+驅蟲療程中
P.S. 通常晚上10點~12點之間可以回復詳聊
        白天可能會因為工作無暇短時間內回覆

簡介
在某個太陽高掛的好日子,當時正在執行TNR,且捕捉對象是另一隻剛哺乳結束的媽媽。
只是沒想到目標物每每都不賞臉(超親人的!所有貓最想幫他找家讓他安逸老死，少說也有4歲以上)
我跟我先生也不是專業的貓中途或是愛媽愛爸機構，既然要做就不能做得不三不四！
所有費用完完全全自掏腰包；幫媽媽結紮、將小貓整理至打過疫苗驅蟲基本狀態。

當時在抓媽媽的時候完全只用普通外出運輸籠，門上還綁著鞋帶手動關門。
沒想到這個貪吃的笨媽媽...前面測試階段都差點被關起來了，三次失敗還是回來繼續吃...
抓到以後很開心地想著：總算可以專心搞成年母貓街紮了，之前十隻小貓兩位媽媽都一起來，扣血扣超多的嗚嗚
結果隔壁退休的伯伯跟我說....媽媽在做水土的鄰居外面工具堆裡面生小貓((錯愕
在殘血的狀態下我們又踏上了這條不歸路嗚嗚...
我們送出許多貓咪...都有固定做家訪追蹤,希望領養人以北部地區為主(桃園新竹雙北)
領養條件
1.
有穩定工作能固定規劃一筆貓咪醫療專用存款
2.
貓是對環境很敏感的動物,不經常搬家更換生活環境為優。租屋需要房東或是同居人同意可飼養,與家人同住需要所有成員一致同意,如有任何反對聲音就NG。
且不得有任何虐待或是另貓痛苦的行為、不人道的飼養方式(關籠子,無乾淨飲水正當可餵貓之食物,骯髒環境等等),且享有正當就醫治療之權益。
3.
貓咪平均壽命約10～15歲(可能以上)，可等同把嬰兒養大至有經濟收入能力之漫長時光,請做好心理及生理所有任何準備
4.
接受彼此可赴約之家訪或面訪(家訪優,較不會有外出緊張害怕情形,可更直接了解貓咪生活狀態)，希望飼主能主動找資料做好養貓準備的功課，並保有耐心且細心觀察貓咪生理心理健康。
5.
貓咪年幼並無母親帶領教導任何流浪生存技能,絕對嚴禁放生或是放養。也希望主人能配合做結紮。如果有任何無法照顧續養貓咪之情況請找原送養人商量。

《你有事業家庭、人際關係、生涯規劃....但毛孩子的世界只仰賴依靠你》

聯絡方式LINE   ID：rena21326(小亞)",,photo,1805,94,7,1907
137,147753419266,86小舖，最愛美妝保養,2017-10-10 23:09:27,2017-10-07 07:55:00,https://www.facebook.com/SMediaLife/videos/1980485172228460/,"主子震怒：給我換回來！XDD???
這貓咪應該氣死了~~主人好強啊!!!
#貓咪 #剋星 #直立式門把
#我森777777囉
(BY 風生活)",風生活,video,2013,0,147,2732
138,156786811025453,大紀元 epochtimes.com,2017-10-30 20:50:51,2017-10-29 08:40:05,https://www.facebook.com/djy.news/photos/a.434543793249752.90744.156786811025453/1671634256207360/?type=3,由於房子有火災，主人鬆開牠的鏈條。 狗狗衝入火中，救出了這隻小貓⋯⋯一隻「英雄狗」⋯⋯❤️??❤️,動態時報相片,photo,2081,166,99,2283
139,147753419266,86小舖，最愛美妝保養,2017-10-07 20:24:53,2017-10-01 22:55:00,https://www.facebook.com/HappyCatsOnline/videos/1844166895624244/,"怎麼樣~是沒看過美女逆???

#貓咪 #美姿 #美女 #可愛
(BY@Happy Cats)",Happy Cats,video,3983,0,354,4911
140,160915837329440,ETNEWS寵物雲,2017-10-20 22:59:23,2017-10-16 19:00:00,https://pets.ettoday.net/news/1032145?from=fb_et_pets,"聽過最新流行詞「貓咪問號.jpg」嗎？看完文章你就知道了??
PS.在影片裡聽他講「喵喵」萌萌der（乖寶貝）

????? 你家也有毛毛戲精嗎？快來出賣你的寵物表情包： https://events.ettoday.net/activity/Emoji",他們殺了我的喵喵...黑人哭到臉歪　「屍體」伸了個懶腰：？？ | ETNEWS寵物雲 | ETNEWS新聞雲,link,5271,181,159,7603
